Sale_ID,Order_ID,SKU,Selling_Price,Discount_%,Sale_Date,Region,Order_Status,Final_Qty,Total_Revenue
SALE-1,ORD-2,SKU-883,320.85,20,1/3/2024,East,Delivered,29,7443.72
SALE-2,ORD-3,SKU-709,151.58,15,11/29/2024,South,Delivered,19,2448.017
SALE-3,ORD-6,SKU-123,185.67,20,10/12/2024,West,Delivered,94,13962.384
SALE-4,ORD-7,SKU-692,533.58,5,9/6/2024,West,Delivered,34,17234.634
SALE-6,ORD-12,SKU-890,394.76,15,4/4/2024,West,Delivered,84,28185.864
SALE-79,ORD-174,SKU-169,469.64,15,7/15/2024,West,Delivered,83,33133.102
SALE-9,ORD-17,SKU-632,296.44,5,4/28/2024,East,Delivered,92,25908.856
SALE-11,ORD-22,SKU-880,631.42,10,5/1/2024,South,Delivered,19,10797.282
SALE-828,ORD-1644,SKU-432,584.52,10,2/11/2024,South,Delivered,87,45767.916
SALE-15,ORD-35,SKU-395,376.91,15,8/4/2024,South,Delivered,83,26591.0005
SALE-18,ORD-40,SKU-75,562.52,15,10/6/2024,West,Delivered,6,2868.852
SALE-21,ORD-45,SKU-475,356.87,5,6/3/2024,West,Delivered,98,33224.597
SALE-22,ORD-48,SKU-139,24.26,20,8/14/2024,West,Delivered,74,1436.192
SALE-107,ORD-228,SKU-530,104.93,10,2/29/2024,North,Delivered,74,6988.338
SALE-24,ORD-54,SKU-637,673.31,10,1/24/2024,North,Delivered,10,6059.79
SALE-25,ORD-55,SKU-831,270.29,5,12/18/2024,West,Delivered,17,4365.1835
SALE-985,ORD-1955,SKU-304,228.94,0,2/24/2024,South,Delivered,98,22436.12
SALE-26,ORD-56,SKU-328,476.36,15,8/12/2024,East,Delivered,12,4858.872
SALE-27,ORD-58,SKU-296,261.46,5,7/1/2024,West,Delivered,95,23596.765
SALE-29,ORD-61,SKU-664,65.73,0,4/15/2024,South,Delivered,18,1183.14
SALE-30,ORD-64,SKU-590,383,0,7/19/2024,West,Delivered,31,11873
SALE-33,ORD-69,SKU-520,47.53,20,11/8/2024,South,Delivered,97,3688.328
SALE-34,ORD-70,SKU-314,430.68,5,11/24/2024,West,Delivered,24,9819.504
SALE-38,ORD-78,SKU-109,681.45,10,2/17/2024,East,Delivered,21,12879.405
SALE-39,ORD-80,SKU-684,857.78,15,8/21/2024,East,Delivered,35,25518.955
SALE-184,ORD-387,SKU-209,141.23,0,3/11/2024,North,Delivered,23,3248.29
SALE-139,ORD-291,SKU-785,546.88,20,1/15/2024,West,Delivered,84,36750.336
SALE-43,ORD-92,SKU-874,166.97,15,1/23/2024,East,Delivered,84,11921.658
SALE-44,ORD-97,SKU-690,91.51,15,11/5/2024,South,Delivered,49,3811.3915
SALE-46,ORD-105,SKU-536,256.68,15,2/12/2024,East,Delivered,24,5236.272
SALE-47,ORD-107,SKU-337,483.45,0,1/17/2024,West,Delivered,71,34324.95
SALE-407,ORD-846,SKU-793,124.91,5,5/24/2024,South,Delivered,53,6289.2185
SALE-49,ORD-111,SKU-568,770.01,0,9/16/2024,South,Delivered,65,50050.65
SALE-50,ORD-112,SKU-262,119.68,0,11/6/2024,East,Delivered,79,9454.72
SALE-55,ORD-121,SKU-947,457.46,15,4/27/2024,West,Delivered,97,37717.577
SALE-56,ORD-122,SKU-581,39.68,10,12/26/2024,West,Delivered,30,1071.36
SALE-61,ORD-130,SKU-688,160.37,20,1/21/2024,East,Delivered,15,1924.44
SALE-64,ORD-136,SKU-606,107.78,5,6/4/2024,West,Delivered,26,2662.166
SALE-541,ORD-1086,SKU-366,327.81,10,10/16/2024,North,Delivered,78,23012.262
SALE-65,ORD-138,SKU-755,389.77,5,7/7/2024,West,Delivered,23,8516.4745
SALE-68,ORD-143,SKU-765,332.17,10,10/3/2024,North,Delivered,53,15844.509
SALE-69,ORD-144,SKU-108,458.95,20,1/28/2024,West,Delivered,27,9913.32
SALE-70,ORD-146,SKU-503,490.93,5,11/18/2024,East,Delivered,76,35445.146
SALE-421,ORD-869,SKU-283,412.26,20,5/16/2024,North,Delivered,53,17479.824
SALE-72,ORD-151,SKU-502,203.81,10,6/28/2024,South,Delivered,23,4218.867
SALE-73,ORD-153,SKU-327,403.74,0,12/3/2024,South,Delivered,70,28261.8
SALE-75,ORD-156,SKU-139,24.26,0,9/10/2024,North,Delivered,51,1237.26
SALE-76,ORD-158,SKU-837,489.03,0,12/6/2024,North,Delivered,19,9291.57
SALE-80,ORD-178,SKU-626,246.69,0,1/17/2024,West,Delivered,86,21215.34
SALE-83,ORD-184,SKU-302,801.29,15,8/10/2024,East,Delivered,53,36098.1145
SALE-85,ORD-186,SKU-980,362.22,0,3/15/2024,North,Delivered,64,23182.08
SALE-546,ORD-1093,SKU-693,180.82,5,4/23/2024,East,Delivered,31,5325.149
SALE-87,ORD-189,SKU-641,258.36,0,2/17/2024,South,Delivered,41,10592.76
SALE-1327,ORD-2669,SKU-856,26.55,20,9/22/2024,South,Delivered,79,1677.96
SALE-88,ORD-192,SKU-546,601.32,5,6/13/2024,South,Delivered,33,18851.382
SALE-90,ORD-194,SKU-960,263.21,10,8/25/2024,East,Delivered,84,19898.676
SALE-93,ORD-201,SKU-254,386.25,10,11/5/2024,West,Delivered,95,33024.375
SALE-94,ORD-202,SKU-476,603.55,0,9/24/2024,South,Delivered,56,33798.8
SALE-95,ORD-203,SKU-226,857.79,0,3/19/2024,North,Delivered,100,85779
SALE-96,ORD-204,SKU-232,656.54,15,6/10/2024,East,Delivered,34,18974.006
SALE-97,ORD-205,SKU-544,514.8,20,1/16/2024,North,Delivered,58,23886.72
SALE-98,ORD-208,SKU-674,319.43,10,2/29/2024,South,Delivered,65,18686.655
SALE-99,ORD-210,SKU-385,477.62,5,10/6/2024,West,Delivered,100,45373.9
SALE-410,ORD-850,SKU-177,587.49,10,5/28/2024,West,Delivered,43,22735.863
SALE-106,ORD-226,SKU-182,232.23,0,12/27/2024,East,Delivered,25,5805.75
SALE-1091,ORD-2178,SKU-216,51.26,5,6/9/2024,North,Delivered,42,2045.274
SALE-109,ORD-230,SKU-975,532.22,10,10/25/2024,East,Delivered,39,18680.922
SALE-112,ORD-238,SKU-520,47.53,0,3/31/2024,North,Delivered,69,3279.57
SALE-114,ORD-240,SKU-112,599.32,5,9/28/2024,West,Delivered,15,8540.31
SALE-115,ORD-241,SKU-83,365.25,15,7/16/2024,North,Delivered,27,8382.4875
SALE-950,ORD-1898,SKU-392,273.37,10,2/26/2024,South,Delivered,17,4182.561
SALE-117,ORD-249,SKU-466,74.78,15,4/3/2024,South,Delivered,42,2669.646
SALE-120,ORD-253,SKU-212,97.29,10,10/15/2024,East,Delivered,62,5428.782
SALE-277,ORD-573,SKU-81,726.3,0,2/24/2024,East,Delivered,92,66819.6
SALE-122,ORD-257,SKU-308,456.27,5,10/20/2024,North,Delivered,40,17338.26
SALE-123,ORD-259,SKU-176,685.68,10,6/29/2024,South,Delivered,11,6788.232
SALE-125,ORD-264,SKU-559,706.86,0,1/26/2024,North,Delivered,20,14137.2
SALE-126,ORD-268,SKU-593,162.72,0,9/8/2024,East,Delivered,69,11227.68
SALE-127,ORD-269,SKU-499,114.89,5,7/13/2024,East,Delivered,25,2728.6375
SALE-130,ORD-272,SKU-103,592.29,0,11/24/2024,South,Delivered,84,49752.36
SALE-132,ORD-275,SKU-947,457.46,20,3/28/2024,West,Delivered,63,23055.984
SALE-134,ORD-279,SKU-501,600.44,0,11/16/2024,South,Delivered,99,59443.56
SALE-136,ORD-285,SKU-548,566.65,10,12/23/2024,South,Delivered,87,44368.695
SALE-137,ORD-287,SKU-740,304.86,10,1/28/2024,South,Delivered,55,15090.57
SALE-852,ORD-1695,SKU-707,462.97,5,12/11/2024,West,Delivered,33,14514.1095
SALE-142,ORD-296,SKU-396,370.94,10,7/30/2024,North,Delivered,5,1669.23
SALE-144,ORD-302,SKU-729,519.23,20,10/10/2024,South,Delivered,63,26169.192
SALE-145,ORD-311,SKU-928,442.32,15,5/15/2024,West,Delivered,47,17670.684
SALE-1095,ORD-2184,SKU-820,379.54,15,2/28/2024,West,Delivered,44,14194.796
SALE-146,ORD-312,SKU-66,364.95,0,10/30/2024,North,Delivered,18,6569.1
SALE-147,ORD-313,SKU-130,569.16,10,7/3/2024,South,Delivered,6,3073.464
SALE-148,ORD-316,SKU-259,137.37,5,12/6/2024,West,Delivered,88,11484.132
SALE-149,ORD-317,SKU-896,356.15,5,6/14/2024,West,Delivered,44,14887.07
SALE-151,ORD-319,SKU-900,649.6,10,9/6/2024,South,Delivered,19,11108.16
SALE-152,ORD-321,SKU-633,785.24,10,12/3/2024,East,Delivered,32,22614.912
SALE-178,ORD-379,SKU-426,375.39,15,6/18/2024,North,Delivered,6,1914.489
SALE-157,ORD-335,SKU-114,329.92,5,11/16/2024,South,Delivered,90,28208.16
SALE-158,ORD-337,SKU-321,56.14,15,6/7/2024,West,Delivered,5,238.595
SALE-1223,ORD-2459,SKU-16,622.02,5,7/1/2024,East,Delivered,44,26000.436
SALE-162,ORD-344,SKU-561,92.08,0,2/2/2024,East,Delivered,36,3314.88
SALE-163,ORD-345,SKU-172,474.29,5,8/20/2024,East,Delivered,78,35144.889
SALE-771,ORD-1545,SKU-472,431.16,10,8/28/2024,West,Delivered,11,4268.484
SALE-164,ORD-346,SKU-426,375.39,5,2/26/2024,South,Delivered,48,17117.784
SALE-165,ORD-347,SKU-503,490.93,10,12/22/2024,West,Delivered,10,4418.37
SALE-166,ORD-349,SKU-190,580.94,5,2/13/2024,East,Delivered,70,38632.51
SALE-167,ORD-351,SKU-486,608.18,5,4/13/2024,East,Delivered,60,34666.26
SALE-171,ORD-365,SKU-775,39.77,20,10/24/2024,East,Delivered,45,1431.72
SALE-172,ORD-366,SKU-890,394.76,15,5/15/2024,East,Delivered,1,335.546
SALE-176,ORD-373,SKU-987,412.44,20,2/19/2024,East,Delivered,94,31015.488
SALE-177,ORD-376,SKU-269,424.64,15,10/28/2024,South,Delivered,50,18047.2
SALE-179,ORD-380,SKU-975,532.22,5,9/1/2024,East,Delivered,73,36909.457
SALE-180,ORD-382,SKU-340,12.45,10,2/18/2024,South,Delivered,12,134.46
SALE-182,ORD-385,SKU-260,584.03,10,3/23/2024,South,Delivered,43,22601.961
SALE-1070,ORD-2132,SKU-981,543.27,15,12/3/2024,South,Delivered,17,7850.2515
SALE-183,ORD-386,SKU-785,546.88,0,10/26/2024,North,Delivered,40,21875.2
SALE-186,ORD-389,SKU-749,136.97,0,9/5/2024,North,Delivered,88,12053.36
SALE-190,ORD-404,SKU-502,203.81,5,9/24/2024,East,Delivered,12,2323.434
SALE-191,ORD-405,SKU-139,24.26,15,8/21/2024,South,Delivered,23,474.283
SALE-192,ORD-407,SKU-777,92.2,10,10/9/2024,West,Delivered,80,6638.4
SALE-193,ORD-409,SKU-179,390.36,0,2/3/2024,North,Delivered,40,15614.4
SALE-194,ORD-411,SKU-538,458.58,5,2/15/2024,North,Delivered,22,9584.322
SALE-195,ORD-412,SKU-683,547.74,15,5/8/2024,West,Delivered,25,11639.475
SALE-197,ORD-415,SKU-401,519.11,15,3/25/2024,West,Delivered,74,32652.019
SALE-198,ORD-416,SKU-879,285.78,20,8/5/2024,South,Delivered,78,17832.672
SALE-1177,ORD-2367,SKU-994,184.47,15,3/14/2024,South,Delivered,40,6271.98
SALE-200,ORD-422,SKU-53,43.26,0,3/21/2024,West,Delivered,12,519.12
SALE-202,ORD-424,SKU-956,482.63,10,10/19/2024,East,Delivered,41,17809.047
SALE-206,ORD-435,SKU-191,56.91,10,1/29/2024,East,Delivered,97,4968.243
SALE-207,ORD-436,SKU-800,779.29,5,9/20/2024,West,Delivered,36,26651.718
SALE-208,ORD-439,SKU-916,204.19,10,6/17/2024,East,Delivered,89,16355.619
SALE-210,ORD-446,SKU-387,293.03,20,8/3/2024,North,Delivered,23,5391.752
SALE-211,ORD-449,SKU-782,658.62,5,5/25/2024,West,Delivered,19,11888.091
SALE-213,ORD-455,SKU-629,712.24,15,7/20/2024,South,Delivered,92,55697.168
SALE-216,ORD-458,SKU-503,490.93,5,4/2/2024,North,Delivered,64,29848.544
SALE-221,ORD-467,SKU-391,300.96,0,3/10/2024,West,Delivered,75,22572
SALE-375,ORD-793,SKU-797,331.27,10,1/28/2024,West,Delivered,15,4472.145
SALE-223,ORD-471,SKU-381,694.64,15,11/23/2024,North,Delivered,16,9447.104
SALE-226,ORD-476,SKU-619,605.24,10,5/23/2024,East,Delivered,46,25056.936
SALE-227,ORD-477,SKU-223,149.77,10,9/29/2024,East,Delivered,66,8896.338
SALE-228,ORD-481,SKU-596,457.22,5,11/20/2024,East,Delivered,1,434.359
SALE-229,ORD-482,SKU-582,515.4,15,8/27/2024,East,Delivered,81,35485.29
SALE-230,ORD-484,SKU-782,658.62,15,1/13/2024,East,Delivered,27,15115.329
SALE-232,ORD-489,SKU-140,266.48,15,11/12/2024,East,Delivered,39,8833.812
SALE-233,ORD-491,SKU-371,284.25,15,11/26/2024,North,Delivered,74,17879.325
SALE-234,ORD-492,SKU-479,319.36,20,1/29/2024,West,Delivered,81,20694.528
SALE-235,ORD-496,SKU-365,325.42,15,11/30/2024,East,Delivered,42,11617.494
SALE-237,ORD-498,SKU-975,532.22,20,5/30/2024,East,Delivered,50,21288.8
SALE-971,ORD-1927,SKU-731,296.95,10,6/10/2024,East,Delivered,34,9086.67
SALE-238,ORD-499,SKU-790,442.45,15,6/9/2024,North,Delivered,31,11658.5575
SALE-240,ORD-504,SKU-567,151.46,0,7/27/2024,North,Delivered,34,5149.64
SALE-241,ORD-505,SKU-876,128.29,15,2/7/2024,North,Delivered,91,9923.2315
SALE-1124,ORD-2247,SKU-375,619.18,20,8/3/2024,North,Delivered,11,5448.784
SALE-243,ORD-509,SKU-846,345.43,15,10/27/2024,East,Delivered,72,21140.316
SALE-245,ORD-515,SKU-14,385.14,15,5/30/2024,North,Delivered,52,17023.188
SALE-247,ORD-517,SKU-670,750.39,5,8/23/2024,South,Delivered,75,53465.2875
SALE-248,ORD-518,SKU-787,63.11,20,5/27/2024,East,Delivered,47,2372.936
SALE-249,ORD-521,SKU-814,431.8,20,8/22/2024,South,Delivered,28,9672.32
SALE-250,ORD-525,SKU-368,169.31,0,6/2/2024,East,Delivered,73,12359.63
SALE-253,ORD-529,SKU-653,172.25,20,3/3/2024,West,Delivered,72,9921.6
SALE-254,ORD-530,SKU-292,463.65,0,6/6/2024,East,Delivered,45,20864.25
SALE-256,ORD-533,SKU-927,295.55,5,11/14/2024,North,Delivered,49,13757.8525
SALE-259,ORD-538,SKU-9,32.33,15,6/8/2024,West,Delivered,16,439.688
SALE-260,ORD-539,SKU-789,185.65,0,2/1/2024,South,Delivered,6,1113.9
SALE-261,ORD-540,SKU-686,57.76,15,5/28/2024,South,Delivered,21,1031.016
SALE-262,ORD-541,SKU-46,210.47,10,3/30/2024,East,Delivered,28,5303.844
SALE-263,ORD-542,SKU-202,595.96,20,10/6/2024,East,Delivered,22,10488.896
SALE-264,ORD-544,SKU-28,357.71,15,6/22/2024,West,Delivered,11,3344.5885
SALE-863,ORD-1718,SKU-184,85.43,15,11/11/2024,West,Delivered,56,4066.468
SALE-266,ORD-546,SKU-811,502.72,10,7/3/2024,West,Delivered,84,38005.632
SALE-267,ORD-547,SKU-72,495.58,10,5/9/2024,South,Delivered,94,41926.068
SALE-898,ORD-1797,SKU-212,97.29,15,10/3/2024,West,Delivered,9,744.2685
SALE-269,ORD-550,SKU-29,20.67,0,8/22/2024,North,Delivered,6,124.02
SALE-270,ORD-552,SKU-73,140.69,10,7/12/2024,North,Delivered,70,8863.47
SALE-271,ORD-553,SKU-781,619.41,15,9/9/2024,North,Delivered,39,20533.4415
SALE-273,ORD-558,SKU-423,268.07,5,10/8/2024,East,Delivered,80,20373.32
SALE-275,ORD-560,SKU-317,93,0,2/28/2024,North,Delivered,93,8649
SALE-279,ORD-582,SKU-47,198.09,10,8/24/2024,West,Delivered,71,12657.951
SALE-280,ORD-584,SKU-802,120.78,5,2/14/2024,North,Delivered,7,803.187
SALE-283,ORD-587,SKU-521,588.83,5,7/2/2024,South,Delivered,37,20697.3745
SALE-289,ORD-594,SKU-685,191.41,5,2/5/2024,West,Delivered,67,12183.2465
SALE-292,ORD-602,SKU-505,727.82,10,4/30/2024,East,Delivered,71,46507.698
SALE-790,ORD-1576,SKU-526,597.05,10,3/2/2024,South,Delivered,79,42450.255
SALE-297,ORD-619,SKU-232,656.54,0,3/19/2024,East,Delivered,97,63684.38
SALE-300,ORD-627,SKU-4,33.29,20,11/10/2024,East,Delivered,31,825.592
SALE-303,ORD-634,SKU-897,401.62,5,5/19/2024,South,Delivered,80,30523.12
SALE-304,ORD-637,SKU-463,790.38,15,3/13/2024,South,Delivered,25,16795.575
SALE-305,ORD-638,SKU-893,579.15,20,6/24/2024,North,Delivered,5,2316.6
SALE-307,ORD-641,SKU-96,103.64,15,3/13/2024,East,Delivered,52,4580.888
SALE-308,ORD-642,SKU-545,503.04,15,10/7/2024,South,Delivered,1,427.584
SALE-310,ORD-648,SKU-31,283.39,15,10/30/2024,West,Delivered,44,10598.786
SALE-1318,ORD-2648,SKU-502,203.81,0,8/4/2024,West,Delivered,98,19973.38
SALE-311,ORD-649,SKU-892,425.16,20,10/15/2024,North,Delivered,78,26529.984
SALE-312,ORD-651,SKU-366,327.81,15,7/21/2024,North,Delivered,69,19226.0565
SALE-1033,ORD-2056,SKU-897,401.62,0,9/26/2024,North,Delivered,20,8032.4
SALE-314,ORD-657,SKU-525,109.92,10,5/2/2024,East,Delivered,44,4352.832
SALE-318,ORD-662,SKU-513,139.07,5,10/20/2024,West,Delivered,86,11362.019
SALE-1076,ORD-2148,SKU-446,77.7,0,8/29/2024,West,Delivered,7,543.9
SALE-321,ORD-671,SKU-620,244.94,0,11/4/2024,East,Delivered,47,11512.18
SALE-322,ORD-674,SKU-735,741.84,5,2/16/2024,North,Delivered,70,49332.36
SALE-323,ORD-675,SKU-842,641.06,0,10/17/2024,North,Delivered,100,64106
SALE-326,ORD-683,SKU-809,202.65,10,12/22/2024,South,Delivered,35,6383.475
SALE-327,ORD-688,SKU-333,177.29,15,10/25/2024,South,Delivered,35,5274.3775
SALE-328,ORD-691,SKU-958,389.03,20,11/30/2024,East,Delivered,77,23964.248
SALE-330,ORD-693,SKU-690,91.51,10,7/2/2024,South,Delivered,92,7577.028
SALE-331,ORD-694,SKU-261,277.55,20,3/12/2024,North,Delivered,93,20649.72
SALE-332,ORD-695,SKU-613,194.24,10,1/3/2024,North,Delivered,34,5943.744
SALE-333,ORD-696,SKU-702,184.56,10,12/17/2024,South,Delivered,9,1494.936
SALE-334,ORD-698,SKU-533,725.88,10,2/28/2024,East,Delivered,6,3919.752
SALE-454,ORD-937,SKU-528,282.01,5,4/24/2024,West,Delivered,24,6429.828
SALE-340,ORD-707,SKU-195,256.72,15,3/17/2024,North,Delivered,61,13310.932
SALE-586,ORD-1164,SKU-101,322.08,5,9/28/2024,West,Delivered,48,14686.848
SALE-342,ORD-713,SKU-214,21.87,0,3/24/2024,East,Delivered,96,2099.52
SALE-343,ORD-714,SKU-627,203.27,10,7/11/2024,South,Delivered,78,14269.554
SALE-344,ORD-716,SKU-841,100.16,20,5/14/2024,North,Delivered,7,560.896
SALE-1077,ORD-2151,SKU-614,393.05,20,11/18/2024,North,Delivered,2,628.88
SALE-345,ORD-720,SKU-27,354.65,0,8/8/2024,North,Delivered,62,21988.3
SALE-1190,ORD-2397,SKU-336,646.65,5,4/30/2024,South,Delivered,2,1228.635
SALE-348,ORD-724,SKU-165,57.18,5,6/4/2024,South,Delivered,6,325.926
SALE-350,ORD-734,SKU-770,131.24,10,3/12/2024,North,Delivered,87,10276.092
SALE-351,ORD-736,SKU-260,584.03,0,2/4/2024,North,Delivered,6,3504.18
SALE-353,ORD-738,SKU-689,547.16,10,4/17/2024,South,Delivered,54,26591.976
SALE-381,ORD-801,SKU-540,161.8,5,3/12/2024,North,Delivered,18,2766.78
SALE-360,ORD-754,SKU-433,752.52,10,9/25/2024,East,Delivered,10,6772.68
SALE-362,ORD-760,SKU-208,284.33,5,8/24/2024,South,Delivered,1,270.1135
SALE-363,ORD-762,SKU-930,81.95,15,2/28/2024,West,Delivered,1,69.6575
SALE-364,ORD-766,SKU-379,173.13,10,1/30/2024,West,Delivered,37,5765.229
SALE-369,ORD-780,SKU-914,176.28,5,12/18/2024,West,Delivered,20,3349.32
SALE-371,ORD-782,SKU-35,445.02,0,12/9/2024,West,Delivered,2,890.04
SALE-373,ORD-790,SKU-99,226.85,5,7/29/2024,East,Delivered,33,7111.7475
SALE-376,ORD-794,SKU-294,326.11,15,10/31/2024,South,Delivered,20,5543.87
SALE-379,ORD-799,SKU-704,306.25,5,3/7/2024,West,Delivered,27,7855.3125
SALE-380,ORD-800,SKU-118,217.44,20,4/22/2024,South,Delivered,60,10437.12
SALE-385,ORD-810,SKU-824,340.79,0,9/14/2024,West,Delivered,94,32034.26
SALE-388,ORD-815,SKU-575,854.81,20,9/20/2024,East,Delivered,93,63597.864
SALE-390,ORD-817,SKU-39,218.64,5,3/12/2024,South,Delivered,3,623.124
SALE-391,ORD-818,SKU-829,594.11,20,5/3/2024,West,Delivered,90,42775.92
SALE-392,ORD-819,SKU-42,382.25,15,11/8/2024,North,Delivered,22,7148.075
SALE-393,ORD-820,SKU-491,133.28,10,11/13/2024,West,Delivered,59,7077.168
SALE-417,ORD-859,SKU-904,310.32,5,9/11/2024,North,Delivered,58,17098.632
SALE-396,ORD-825,SKU-249,82.44,20,11/3/2024,West,Delivered,57,3759.264
SALE-848,ORD-1687,SKU-438,333.06,10,5/23/2024,East,Delivered,41,12289.914
SALE-398,ORD-827,SKU-455,253.82,10,5/17/2024,North,Delivered,37,8452.206
SALE-399,ORD-831,SKU-411,67.49,10,7/4/2024,East,Delivered,60,3644.46
SALE-400,ORD-835,SKU-168,418.9,15,1/2/2024,East,Delivered,50,17803.25
SALE-401,ORD-836,SKU-717,67.76,20,3/8/2024,South,Delivered,9,487.872
SALE-402,ORD-837,SKU-740,304.86,15,11/17/2024,North,Delivered,16,4146.096
SALE-406,ORD-842,SKU-52,163.4,10,5/2/2024,East,Delivered,47,6911.82
SALE-408,ORD-847,SKU-208,284.33,15,8/24/2024,East,Delivered,5,1208.4025
SALE-412,ORD-853,SKU-116,269.38,10,6/30/2024,West,Delivered,81,19637.802
SALE-413,ORD-854,SKU-93,751.3,20,3/26/2024,South,Delivered,72,43274.88
SALE-416,ORD-858,SKU-848,111.54,20,2/17/2024,West,Delivered,36,3212.352
SALE-420,ORD-865,SKU-809,202.65,10,9/19/2024,South,Delivered,60,10943.1
SALE-422,ORD-873,SKU-290,467.04,10,1/29/2024,North,Delivered,65,27321.84
SALE-837,ORD-1660,SKU-769,559.22,10,1/19/2024,East,Delivered,73,36740.754
SALE-424,ORD-875,SKU-937,626.27,20,12/24/2024,East,Delivered,20,10020.32
SALE-428,ORD-884,SKU-883,320.85,0,5/1/2024,South,Delivered,75,24063.75
SALE-429,ORD-886,SKU-209,141.23,5,6/10/2024,South,Delivered,29,3890.8865
SALE-430,ORD-887,SKU-242,57.82,0,8/2/2024,South,Delivered,50,2891
SALE-431,ORD-888,SKU-962,25.36,5,2/28/2024,North,Delivered,55,1325.06
SALE-434,ORD-894,SKU-889,511.36,5,1/10/2024,South,Delivered,54,26232.768
SALE-436,ORD-900,SKU-28,357.71,15,8/3/2024,South,Delivered,96,29189.136
SALE-441,ORD-909,SKU-269,424.64,15,6/22/2024,South,Delivered,9,3248.496
SALE-443,ORD-919,SKU-988,401.65,5,11/14/2024,North,Delivered,36,13736.43
SALE-446,ORD-923,SKU-13,322.01,10,7/31/2024,East,Delivered,89,25793.001
SALE-447,ORD-925,SKU-240,280.24,15,8/31/2024,North,Delivered,57,13577.628
SALE-448,ORD-927,SKU-560,113.18,0,5/28/2024,North,Delivered,51,5772.18
SALE-450,ORD-932,SKU-358,561.07,20,7/17/2024,East,Delivered,74,33215.344
SALE-455,ORD-939,SKU-732,425.12,15,9/2/2024,South,Delivered,14,5058.928
SALE-458,ORD-944,SKU-333,177.29,10,7/22/2024,West,Delivered,70,11169.27
SALE-754,ORD-1510,SKU-125,555.91,20,4/1/2024,North,Delivered,95,42249.16
SALE-462,ORD-951,SKU-671,43.05,10,4/24/2024,West,Delivered,96,3719.52
SALE-465,ORD-964,SKU-212,97.29,5,7/9/2024,West,Delivered,70,6469.785
SALE-1005,ORD-1999,SKU-12,265.8,5,9/12/2024,East,Delivered,60,15150.6
SALE-466,ORD-965,SKU-890,394.76,20,8/25/2024,North,Delivered,33,10421.664
SALE-927,ORD-1855,SKU-508,347.3,5,8/22/2024,North,Delivered,62,20455.97
SALE-468,ORD-968,SKU-20,554.17,5,4/20/2024,South,Delivered,77,40537.5355
SALE-469,ORD-969,SKU-179,390.36,5,5/19/2024,East,Delivered,92,34117.464
SALE-474,ORD-987,SKU-369,114.17,10,5/1/2024,East,Delivered,16,1644.048
SALE-476,ORD-991,SKU-447,415.7,0,5/18/2024,North,Delivered,24,9976.8
SALE-479,ORD-994,SKU-296,261.46,0,6/5/2024,West,Delivered,53,13857.38
SALE-482,ORD-997,SKU-360,457.35,10,5/25/2024,South,Delivered,26,10701.99
SALE-484,ORD-999,SKU-828,380.54,15,11/24/2024,East,Delivered,33,10674.147
SALE-487,ORD-1002,SKU-123,185.67,5,6/4/2024,West,Delivered,44,7761.006
SALE-489,ORD-1004,SKU-577,573.7,10,8/15/2024,West,Delivered,93,48018.69
SALE-946,ORD-1888,SKU-782,658.62,0,6/8/2024,East,Delivered,15,9879.3
SALE-492,ORD-1010,SKU-75,562.52,5,4/11/2024,West,Delivered,90,48095.46
SALE-1279,ORD-2574,SKU-655,548.35,15,4/17/2024,West,Delivered,41,19109.9975
SALE-499,ORD-1018,SKU-730,38.13,15,3/17/2024,West,Delivered,90,2916.945
SALE-1256,ORD-2526,SKU-95,37.39,20,8/1/2024,South,Delivered,36,1076.832
SALE-506,ORD-1031,SKU-971,136.19,10,8/24/2024,South,Delivered,40,4902.84
SALE-507,ORD-1033,SKU-167,37.9,10,6/18/2024,North,Delivered,60,2046.6
SALE-509,ORD-1037,SKU-576,446.96,15,3/16/2024,East,Delivered,67,25454.372
SALE-510,ORD-1038,SKU-311,520.71,20,2/4/2024,North,Delivered,71,29576.328
SALE-513,ORD-1042,SKU-442,68.77,0,5/21/2024,East,Delivered,19,1306.63
SALE-515,ORD-1046,SKU-859,491.27,10,7/15/2024,East,Delivered,14,6190.002
SALE-516,ORD-1047,SKU-986,590.99,15,9/28/2024,East,Delivered,97,48727.1255
SALE-518,ORD-1049,SKU-506,457.44,10,12/24/2024,South,Delivered,87,35817.552
SALE-519,ORD-1052,SKU-931,613.7,5,7/15/2024,East,Delivered,88,51305.32
SALE-520,ORD-1053,SKU-595,679.17,0,4/11/2024,West,Delivered,74,50258.58
SALE-521,ORD-1054,SKU-671,43.05,10,6/17/2024,West,Delivered,72,2789.64
SALE-523,ORD-1056,SKU-714,388.15,0,1/8/2024,East,Delivered,57,22124.55
SALE-525,ORD-1060,SKU-753,717.88,10,8/2/2024,East,Delivered,29,18736.668
SALE-528,ORD-1064,SKU-34,356.56,10,5/6/2024,South,Delivered,19,6097.176
SALE-529,ORD-1065,SKU-447,415.7,0,10/5/2024,West,Delivered,40,16628
SALE-1040,ORD-2069,SKU-444,267.73,15,7/17/2024,West,Delivered,99,22529.4795
SALE-530,ORD-1066,SKU-711,291.8,10,11/17/2024,East,Delivered,98,25736.76
SALE-531,ORD-1068,SKU-958,389.03,15,2/6/2024,West,Delivered,31,10250.9405
SALE-1328,ORD-2670,SKU-390,215.78,5,2/5/2024,East,Delivered,63,12914.433
SALE-533,ORD-1070,SKU-540,161.8,10,12/8/2024,North,Delivered,81,11795.22
SALE-534,ORD-1072,SKU-417,526.98,10,4/12/2024,North,Delivered,59,27982.638
SALE-540,ORD-1081,SKU-782,658.62,15,12/11/2024,South,Delivered,82,45905.814
SALE-1195,ORD-2405,SKU-493,191.67,20,3/22/2024,East,Delivered,15,2300.04
SALE-544,ORD-1091,SKU-725,270.55,20,5/31/2024,South,Delivered,83,17964.52
SALE-547,ORD-1095,SKU-975,532.22,5,3/12/2024,West,Delivered,38,19213.142
SALE-549,ORD-1098,SKU-992,145.2,10,6/1/2024,South,Delivered,70,9147.6
SALE-551,ORD-1100,SKU-918,334.07,10,2/19/2024,West,Delivered,19,5712.597
SALE-552,ORD-1105,SKU-69,374.55,10,4/16/2024,East,Delivered,12,4045.14
SALE-553,ORD-1107,SKU-590,383,10,7/26/2024,South,Delivered,21,7238.7
SALE-554,ORD-1112,SKU-197,358.18,10,5/16/2024,North,Delivered,92,29657.304
SALE-555,ORD-1113,SKU-117,574.93,0,10/5/2024,West,Delivered,83,47719.19
SALE-556,ORD-1114,SKU-139,24.26,20,2/25/2024,West,Delivered,79,1533.232
SALE-557,ORD-1115,SKU-718,368.32,0,9/10/2024,East,Delivered,95,34990.4
SALE-558,ORD-1116,SKU-868,627.78,10,5/2/2024,North,Delivered,80,45200.16
SALE-561,ORD-1121,SKU-921,237.59,0,10/17/2024,West,Delivered,48,11404.32
SALE-562,ORD-1123,SKU-883,320.85,0,5/24/2024,South,Delivered,57,18288.45
SALE-565,ORD-1126,SKU-906,231.62,20,12/5/2024,West,Delivered,39,7226.544
SALE-955,ORD-1903,SKU-937,626.27,10,8/31/2024,East,Delivered,16,9018.288
SALE-569,ORD-1131,SKU-597,321.15,0,5/2/2024,East,Delivered,45,14451.75
SALE-571,ORD-1135,SKU-535,353.05,10,9/14/2024,East,Delivered,97,30821.265
SALE-1013,ORD-2014,SKU-402,397.9,5,6/26/2024,North,Delivered,46,17388.23
SALE-573,ORD-1138,SKU-539,316.73,5,3/9/2024,South,Delivered,27,8124.1245
SALE-577,ORD-1143,SKU-329,167.95,0,4/28/2024,East,Delivered,12,2015.4
SALE-579,ORD-1145,SKU-533,725.88,15,3/4/2024,East,Delivered,64,39487.872
SALE-580,ORD-1152,SKU-172,474.29,15,3/2/2024,West,Delivered,27,10884.9555
SALE-583,ORD-1158,SKU-436,485.65,0,4/6/2024,East,Delivered,73,35452.45
SALE-584,ORD-1159,SKU-783,254.13,0,10/28/2024,South,Delivered,43,10927.59
SALE-585,ORD-1163,SKU-125,555.91,10,11/23/2024,North,Delivered,43,21513.717
SALE-588,ORD-1171,SKU-718,368.32,10,8/19/2024,North,Delivered,37,12265.056
SALE-589,ORD-1172,SKU-729,519.23,15,5/2/2024,North,Delivered,86,37955.713
SALE-590,ORD-1174,SKU-59,242.6,0,3/14/2024,East,Delivered,16,3881.6
SALE-591,ORD-1176,SKU-308,456.27,20,11/12/2024,West,Delivered,78,28471.248
SALE-594,ORD-1180,SKU-522,394.24,20,5/1/2024,South,Delivered,6,1892.352
SALE-595,ORD-1188,SKU-132,274.05,15,10/17/2024,West,Delivered,28,6522.39
SALE-596,ORD-1190,SKU-987,412.44,5,11/27/2024,East,Delivered,95,37222.71
SALE-598,ORD-1192,SKU-666,19.38,0,12/3/2024,East,Delivered,83,1608.54
SALE-770,ORD-1541,SKU-62,370.46,10,12/18/2024,North,Delivered,75,25006.05
SALE-604,ORD-1208,SKU-132,274.05,15,8/19/2024,North,Delivered,13,3028.2525
SALE-605,ORD-1209,SKU-883,320.85,0,10/31/2024,North,Delivered,38,12192.3
SALE-607,ORD-1212,SKU-180,553.95,5,11/25/2024,West,Delivered,29,15261.3225
SALE-608,ORD-1214,SKU-640,339.05,0,10/27/2024,East,Delivered,39,13222.95
SALE-801,ORD-1594,SKU-204,636.22,20,9/7/2024,South,Delivered,28,14251.328
SALE-609,ORD-1217,SKU-186,750.5,20,5/24/2024,East,Delivered,82,49232.8
SALE-613,ORD-1223,SKU-845,558.22,5,1/6/2024,South,Delivered,5,2651.545
SALE-614,ORD-1227,SKU-778,367.5,15,7/6/2024,North,Delivered,33,10308.375
SALE-618,ORD-1238,SKU-904,310.32,20,1/31/2024,West,Delivered,8,1986.048
SALE-620,ORD-1244,SKU-471,25.22,15,5/10/2024,North,Delivered,17,364.429
SALE-786,ORD-1571,SKU-309,603.35,15,5/31/2024,West,Delivered,41,21026.7475
SALE-626,ORD-1252,SKU-265,254,20,7/20/2024,West,Delivered,8,1625.6
SALE-627,ORD-1253,SKU-184,85.43,0,3/31/2024,North,Delivered,91,7774.13
SALE-628,ORD-1254,SKU-128,390.14,5,9/21/2024,West,Delivered,91,33727.603
SALE-629,ORD-1255,SKU-203,363.77,5,8/14/2024,West,Delivered,30,10367.445
SALE-630,ORD-1257,SKU-193,178.83,20,6/27/2024,South,Delivered,38,5436.432
SALE-1222,ORD-2458,SKU-742,696.23,5,6/11/2024,North,Delivered,28,18519.718
SALE-633,ORD-1261,SKU-932,626.12,20,5/30/2024,West,Delivered,14,7012.544
SALE-634,ORD-1263,SKU-907,402.93,0,10/18/2024,South,Delivered,50,20146.5
SALE-637,ORD-1268,SKU-628,566.78,10,7/17/2024,South,Delivered,84,42848.568
SALE-956,ORD-1904,SKU-633,785.24,20,4/18/2024,West,Delivered,56,35178.752
SALE-638,ORD-1269,SKU-955,239.63,15,4/19/2024,East,Delivered,71,14461.6705
SALE-639,ORD-1271,SKU-178,511.34,5,1/4/2024,South,Delivered,42,20402.466
SALE-642,ORD-1274,SKU-698,282.67,15,8/10/2024,South,Delivered,7,1681.8865
SALE-643,ORD-1276,SKU-616,815.03,15,6/11/2024,North,Delivered,63,43644.8565
SALE-644,ORD-1277,SKU-914,176.28,10,5/28/2024,East,Delivered,46,7297.992
SALE-1289,ORD-2591,SKU-520,47.53,20,3/11/2024,East,Delivered,36,1368.864
SALE-648,ORD-1293,SKU-52,163.4,0,1/23/2024,North,Delivered,26,4248.4
SALE-651,ORD-1301,SKU-624,49.83,10,12/6/2024,East,Delivered,21,941.787
SALE-653,ORD-1305,SKU-238,183.3,10,8/15/2024,West,Delivered,2,329.94
SALE-655,ORD-1308,SKU-745,342.7,20,11/7/2024,West,Delivered,64,17546.24
SALE-657,ORD-1310,SKU-216,51.26,20,11/29/2024,East,Delivered,77,3157.616
SALE-1104,ORD-2203,SKU-143,185.78,5,11/19/2024,South,Delivered,56,9883.496
SALE-660,ORD-1316,SKU-87,487.55,5,11/25/2024,North,Delivered,57,26400.8325
SALE-662,ORD-1318,SKU-543,411.02,0,4/11/2024,North,Delivered,96,39457.92
SALE-665,ORD-1322,SKU-169,469.64,15,1/23/2024,South,Delivered,25,9979.85
SALE-666,ORD-1323,SKU-735,741.84,5,6/27/2024,South,Delivered,84,59198.832
SALE-672,ORD-1336,SKU-261,277.55,15,9/21/2024,East,Delivered,100,23591.75
SALE-673,ORD-1339,SKU-971,136.19,5,5/13/2024,West,Delivered,56,7245.308
SALE-674,ORD-1340,SKU-128,390.14,10,12/5/2024,East,Delivered,25,8778.15
SALE-675,ORD-1341,SKU-596,457.22,0,10/30/2024,North,Delivered,86,39320.92
SALE-676,ORD-1343,SKU-974,299.81,0,6/23/2024,North,Delivered,40,11992.4
SALE-678,ORD-1345,SKU-915,823.25,5,1/21/2024,East,Delivered,92,71952.05
SALE-679,ORD-1346,SKU-946,101.94,10,7/2/2024,North,Delivered,100,9174.6
SALE-879,ORD-1752,SKU-425,257.94,15,5/23/2024,East,Delivered,64,14031.936
SALE-684,ORD-1355,SKU-356,155.6,10,10/27/2024,South,Delivered,59,8262.36
SALE-688,ORD-1361,SKU-716,184.9,5,2/1/2024,East,Delivered,82,14403.71
SALE-690,ORD-1363,SKU-441,440.59,10,5/17/2024,East,Delivered,3,1189.593
SALE-691,ORD-1366,SKU-244,501.82,20,11/23/2024,East,Delivered,12,4817.472
SALE-693,ORD-1374,SKU-913,184.62,0,2/1/2024,West,Delivered,25,4615.5
SALE-694,ORD-1377,SKU-753,717.88,15,4/5/2024,North,Delivered,26,15865.148
SALE-1260,ORD-2533,SKU-472,431.16,20,1/7/2024,East,Delivered,3,1034.784
SALE-697,ORD-1387,SKU-584,576.4,0,2/16/2024,West,Delivered,88,50723.2
SALE-698,ORD-1388,SKU-639,349.03,5,9/2/2024,East,Delivered,23,7626.3055
SALE-699,ORD-1393,SKU-335,865.47,0,11/16/2024,East,Delivered,12,10385.64
SALE-700,ORD-1396,SKU-576,446.96,15,11/21/2024,North,Delivered,14,5318.824
SALE-703,ORD-1401,SKU-300,96.95,0,5/10/2024,West,Delivered,26,2520.7
SALE-719,ORD-1425,SKU-55,282.9,10,2/21/2024,South,Delivered,80,20368.8
SALE-704,ORD-1402,SKU-4,33.29,20,10/25/2024,West,Delivered,96,2556.672
SALE-705,ORD-1407,SKU-84,379.53,0,2/10/2024,West,Delivered,82,31121.46
SALE-708,ORD-1410,SKU-37,18.75,15,6/28/2024,South,Delivered,46,733.125
SALE-709,ORD-1411,SKU-499,114.89,5,4/8/2024,North,Delivered,82,8949.931
SALE-710,ORD-1412,SKU-196,354.58,10,5/15/2024,West,Delivered,92,29359.224
SALE-714,ORD-1417,SKU-293,414.44,10,7/15/2024,West,Delivered,43,16038.828
SALE-720,ORD-1426,SKU-215,689.48,20,6/29/2024,North,Delivered,75,41368.8
SALE-721,ORD-1429,SKU-217,281.43,5,9/30/2024,West,Delivered,100,26735.85
SALE-724,ORD-1440,SKU-857,575.67,10,3/19/2024,West,Delivered,54,27977.562
SALE-725,ORD-1441,SKU-449,229.59,10,1/10/2024,South,Delivered,66,13637.646
SALE-728,ORD-1445,SKU-377,249.07,15,4/11/2024,East,Delivered,36,7621.542
SALE-730,ORD-1447,SKU-65,193.09,5,9/5/2024,East,Delivered,76,13941.098
SALE-733,ORD-1457,SKU-570,73.83,15,12/16/2024,South,Delivered,91,5710.7505
SALE-735,ORD-1459,SKU-314,430.68,5,3/22/2024,East,Delivered,13,5318.898
SALE-736,ORD-1465,SKU-431,44.28,10,3/6/2024,East,Delivered,29,1155.708
SALE-737,ORD-1466,SKU-890,394.76,20,6/5/2024,West,Delivered,52,16422.016
SALE-738,ORD-1467,SKU-222,672.05,5,11/19/2024,East,Delivered,37,23622.5575
SALE-739,ORD-1471,SKU-229,246.78,0,8/22/2024,East,Delivered,70,17274.6
SALE-1287,ORD-2587,SKU-967,546.76,5,9/22/2024,East,Delivered,43,22335.146
SALE-740,ORD-1475,SKU-767,740.96,15,11/14/2024,East,Delivered,45,28341.72
SALE-741,ORD-1477,SKU-927,295.55,20,5/11/2024,West,Delivered,29,6856.76
SALE-742,ORD-1479,SKU-41,374.03,20,12/6/2024,North,Delivered,32,9575.168
SALE-743,ORD-1480,SKU-901,253.96,15,3/4/2024,East,Delivered,98,21154.868
SALE-744,ORD-1482,SKU-530,104.93,0,9/27/2024,North,Delivered,85,8919.05
SALE-746,ORD-1484,SKU-777,92.2,10,10/15/2024,East,Delivered,73,6057.54
SALE-749,ORD-1490,SKU-825,19.36,0,7/9/2024,West,Delivered,3,58.08
SALE-751,ORD-1495,SKU-155,379.59,0,3/18/2024,South,Delivered,50,18979.5
SALE-752,ORD-1496,SKU-316,484.16,0,7/10/2024,East,Delivered,63,30502.08
SALE-755,ORD-1511,SKU-290,467.04,10,3/17/2024,East,Delivered,85,35728.56
SALE-757,ORD-1515,SKU-20,554.17,5,1/8/2024,East,Delivered,13,6843.9995
SALE-761,ORD-1524,SKU-783,254.13,15,4/27/2024,South,Delivered,55,11880.5775
SALE-762,ORD-1526,SKU-483,134.94,15,9/19/2024,West,Delivered,65,7455.435
SALE-765,ORD-1534,SKU-386,216.26,5,11/12/2024,North,Delivered,66,13559.502
SALE-766,ORD-1537,SKU-65,193.09,0,4/8/2024,West,Delivered,13,2510.17
SALE-767,ORD-1538,SKU-984,310.16,15,7/8/2024,North,Delivered,99,26099.964
SALE-967,ORD-1921,SKU-820,379.54,5,5/8/2024,East,Delivered,7,2523.941
SALE-773,ORD-1549,SKU-577,573.7,5,6/11/2024,East,Delivered,86,46871.29
SALE-887,ORD-1771,SKU-365,325.42,0,10/22/2024,North,Delivered,57,18548.94
SALE-775,ORD-1552,SKU-156,242.78,20,5/10/2024,South,Delivered,15,2913.36
SALE-776,ORD-1553,SKU-939,410.28,10,7/29/2024,West,Delivered,40,14770.08
SALE-777,ORD-1554,SKU-913,184.62,10,1/7/2024,East,Delivered,27,4486.266
SALE-781,ORD-1563,SKU-67,424.75,20,8/6/2024,East,Delivered,70,23786
SALE-784,ORD-1569,SKU-266,389.02,5,7/19/2024,East,Delivered,60,22174.14
SALE-785,ORD-1570,SKU-517,798.91,20,12/12/2024,North,Delivered,16,10226.048
SALE-787,ORD-1572,SKU-655,548.35,0,3/29/2024,West,Delivered,95,52093.25
SALE-1127,ORD-2252,SKU-121,54.44,0,2/2/2024,North,Delivered,27,1469.88
SALE-793,ORD-1584,SKU-247,73.02,10,6/11/2024,South,Delivered,27,1774.386
SALE-797,ORD-1589,SKU-276,251.27,5,12/11/2024,South,Delivered,53,12651.4445
SALE-802,ORD-1595,SKU-727,532.77,5,8/2/2024,West,Delivered,60,30367.89
SALE-803,ORD-1596,SKU-25,351.67,20,2/15/2024,East,Delivered,31,8721.416
SALE-805,ORD-1601,SKU-606,107.78,5,7/24/2024,North,Delivered,71,7269.761
SALE-806,ORD-1602,SKU-54,557.25,5,3/22/2024,South,Delivered,98,51879.975
SALE-808,ORD-1605,SKU-687,449.73,0,7/20/2024,East,Delivered,75,33729.75
SALE-812,ORD-1611,SKU-960,263.21,10,8/18/2024,North,Delivered,4,947.556
SALE-813,ORD-1612,SKU-841,100.16,15,2/10/2024,East,Delivered,75,6385.2
SALE-1210,ORD-2428,SKU-651,360.11,10,10/29/2024,West,Delivered,80,25927.92
SALE-815,ORD-1620,SKU-147,112.45,10,11/2/2024,East,Delivered,82,8298.81
SALE-816,ORD-1621,SKU-648,708.26,20,10/22/2024,North,Delivered,43,24364.144
SALE-818,ORD-1626,SKU-362,469.4,0,7/13/2024,West,Delivered,39,18306.6
SALE-819,ORD-1627,SKU-49,630.65,5,2/19/2024,North,Delivered,88,52722.34
SALE-821,ORD-1630,SKU-935,720.81,10,7/11/2024,South,Delivered,16,10379.664
SALE-822,ORD-1631,SKU-936,275.49,20,3/27/2024,North,Delivered,62,13664.304
SALE-824,ORD-1634,SKU-736,443.18,0,5/12/2024,North,Delivered,66,29249.88
SALE-825,ORD-1635,SKU-16,622.02,0,2/29/2024,South,Delivered,26,16172.52
SALE-831,ORD-1649,SKU-197,358.18,15,10/16/2024,North,Delivered,35,10655.855
SALE-832,ORD-1650,SKU-629,712.24,0,5/7/2024,East,Delivered,82,58403.68
SALE-833,ORD-1652,SKU-376,129.67,0,11/2/2024,North,Delivered,3,389.01
SALE-834,ORD-1655,SKU-362,469.4,0,5/17/2024,West,Delivered,96,45062.4
SALE-836,ORD-1657,SKU-138,436.39,0,1/11/2024,North,Delivered,2,872.78
SALE-839,ORD-1663,SKU-102,444.75,0,3/16/2024,West,Delivered,77,34245.75
SALE-840,ORD-1664,SKU-800,779.29,0,8/18/2024,West,Delivered,40,31171.6
SALE-841,ORD-1666,SKU-1000,549.81,5,9/5/2024,East,Delivered,3,1566.9585
SALE-842,ORD-1671,SKU-891,679.52,0,6/19/2024,West,Delivered,65,44168.8
SALE-846,ORD-1685,SKU-745,342.7,15,7/12/2024,West,Delivered,97,28255.615
SALE-851,ORD-1694,SKU-785,546.88,10,7/8/2024,North,Delivered,68,33469.056
SALE-853,ORD-1696,SKU-901,253.96,5,10/3/2024,East,Delivered,6,1447.572
SALE-856,ORD-1700,SKU-851,775.36,15,7/13/2024,East,Delivered,58,38225.248
SALE-858,ORD-1707,SKU-123,185.67,15,10/31/2024,North,Delivered,67,10573.9065
SALE-1099,ORD-2191,SKU-980,362.22,20,5/8/2024,West,Delivered,50,14488.8
SALE-862,ORD-1717,SKU-579,478.04,15,10/30/2024,East,Delivered,74,30068.716
SALE-868,ORD-1732,SKU-134,532.14,15,5/28/2024,North,Delivered,45,20354.355
SALE-870,ORD-1734,SKU-933,61.1,15,12/27/2024,West,Delivered,40,2077.4
SALE-872,ORD-1736,SKU-948,350.3,0,1/31/2024,North,Delivered,36,12610.8
SALE-873,ORD-1740,SKU-425,257.94,10,11/26/2024,West,Delivered,76,17643.096
SALE-876,ORD-1744,SKU-248,198.39,10,10/29/2024,North,Delivered,7,1249.857
SALE-880,ORD-1756,SKU-661,447.44,15,12/11/2024,North,Delivered,21,7986.804
SALE-881,ORD-1759,SKU-817,284.32,10,8/11/2024,North,Delivered,60,15353.28
SALE-892,ORD-1788,SKU-387,293.03,0,3/4/2024,East,Delivered,32,9376.96
SALE-945,ORD-1887,SKU-687,449.73,5,10/22/2024,West,Delivered,56,23925.636
SALE-894,ORD-1790,SKU-378,539.2,10,2/25/2024,West,Delivered,40,19411.2
SALE-895,ORD-1792,SKU-937,626.27,20,1/2/2024,North,Delivered,47,23547.752
SALE-896,ORD-1794,SKU-523,177.08,5,10/16/2024,East,Delivered,24,4037.424
SALE-899,ORD-1798,SKU-764,199.75,0,9/2/2024,East,Delivered,33,6591.75
SALE-907,ORD-1813,SKU-590,383,20,11/24/2024,North,Delivered,92,28188.8
SALE-910,ORD-1818,SKU-564,611.1,20,7/3/2024,East,Delivered,45,21999.6
SALE-912,ORD-1821,SKU-821,602.62,15,3/16/2024,West,Delivered,85,43539.295
SALE-913,ORD-1825,SKU-764,199.75,15,4/27/2024,West,Delivered,80,13583
SALE-915,ORD-1827,SKU-852,148.15,0,5/3/2024,East,Delivered,5,740.75
SALE-916,ORD-1829,SKU-695,469.03,5,2/8/2024,South,Delivered,97,43221.1145
SALE-1174,ORD-2362,SKU-304,228.94,10,9/11/2024,West,Delivered,31,6387.426
SALE-918,ORD-1833,SKU-544,514.8,20,9/12/2024,North,Delivered,1,411.84
SALE-920,ORD-1839,SKU-570,73.83,0,7/23/2024,West,Delivered,66,4872.78
SALE-921,ORD-1843,SKU-258,690.03,5,5/3/2024,South,Delivered,2,1311.057
SALE-990,ORD-1963,SKU-615,155.2,10,7/30/2024,South,Delivered,7,977.76
SALE-925,ORD-1850,SKU-318,515.33,5,7/9/2024,North,Delivered,31,15176.4685
SALE-926,ORD-1852,SKU-572,421.51,0,3/8/2024,West,Delivered,43,18124.93
SALE-933,ORD-1866,SKU-341,790.05,15,2/25/2024,East,Delivered,38,25518.615
SALE-936,ORD-1871,SKU-571,143.8,5,12/22/2024,West,Delivered,19,2595.59
SALE-937,ORD-1872,SKU-646,696.8,10,4/16/2024,North,Delivered,75,47034
SALE-1203,ORD-2418,SKU-230,489.08,5,5/13/2024,North,Delivered,10,4646.26
SALE-938,ORD-1874,SKU-257,93.38,5,1/9/2024,North,Delivered,68,6032.348
SALE-939,ORD-1877,SKU-504,341.37,10,9/11/2024,North,Delivered,19,5837.427
SALE-942,ORD-1883,SKU-2,240.12,5,1/8/2024,South,Delivered,72,16424.208
SALE-1057,ORD-2102,SKU-645,318.68,15,5/2/2024,North,Delivered,5,1354.39
SALE-948,ORD-1893,SKU-279,51.04,0,5/6/2024,North,Delivered,74,3776.96
SALE-949,ORD-1894,SKU-331,271.03,5,12/11/2024,North,Delivered,6,1544.871
SALE-952,ORD-1900,SKU-681,22.31,5,4/9/2024,West,Delivered,57,1208.0865
SALE-1314,ORD-2639,SKU-830,46.3,15,11/7/2024,West,Delivered,64,2518.72
SALE-957,ORD-1905,SKU-548,566.65,5,4/27/2024,West,Delivered,15,8074.7625
SALE-963,ORD-1915,SKU-125,555.91,5,9/27/2024,North,Delivered,7,3696.8015
SALE-966,ORD-1920,SKU-958,389.03,5,9/21/2024,West,Delivered,26,9609.041
SALE-969,ORD-1924,SKU-394,236.65,15,4/7/2024,North,Delivered,12,2413.83
SALE-974,ORD-1930,SKU-473,522.24,5,10/9/2024,East,Delivered,29,14387.712
SALE-978,ORD-1940,SKU-825,19.36,15,3/10/2024,East,Delivered,81,1332.936
SALE-979,ORD-1941,SKU-193,178.83,0,11/18/2024,West,Delivered,40,7153.2
SALE-980,ORD-1942,SKU-784,307.25,10,11/28/2024,South,Delivered,35,9678.375
SALE-981,ORD-1943,SKU-978,666.57,0,9/30/2024,West,Delivered,74,49326.18
SALE-983,ORD-1950,SKU-515,570.31,20,9/24/2024,East,Delivered,29,13231.192
SALE-984,ORD-1954,SKU-139,24.26,10,11/20/2024,North,Delivered,77,1681.218
SALE-988,ORD-1961,SKU-435,470.22,0,7/24/2024,South,Delivered,93,43730.46
SALE-989,ORD-1962,SKU-733,146.87,10,1/26/2024,East,Delivered,76,10045.908
SALE-991,ORD-1966,SKU-183,492.12,5,9/8/2024,South,Delivered,53,24778.242
SALE-996,ORD-1981,SKU-989,544.76,5,11/30/2024,West,Delivered,90,46576.98
SALE-998,ORD-1985,SKU-963,18.79,5,4/16/2024,West,Delivered,79,1410.1895
SALE-999,ORD-1987,SKU-997,429.63,20,7/28/2024,West,Delivered,89,30589.656
SALE-1200,ORD-2415,SKU-308,456.27,5,10/4/2024,East,Delivered,61,26440.8465
SALE-1003,ORD-1994,SKU-29,20.67,20,12/13/2024,South,Delivered,30,496.08
SALE-1007,ORD-2001,SKU-634,480.98,10,9/20/2024,West,Delivered,28,12120.696
SALE-1008,ORD-2003,SKU-587,348.84,20,7/23/2024,North,Delivered,16,4465.152
SALE-1009,ORD-2004,SKU-477,217.04,20,1/21/2024,South,Delivered,18,3125.376
SALE-1012,ORD-2013,SKU-109,681.45,15,10/3/2024,South,Delivered,54,31278.555
SALE-1015,ORD-2019,SKU-461,130.43,20,12/1/2024,South,Delivered,22,2295.568
SALE-1017,ORD-2026,SKU-690,91.51,10,8/30/2024,North,Delivered,51,4200.309
SALE-1023,ORD-2033,SKU-440,31.85,15,9/9/2024,North,Delivered,73,1976.2925
SALE-1024,ORD-2034,SKU-964,530.64,5,3/16/2024,North,Delivered,85,42849.18
SALE-1026,ORD-2045,SKU-783,254.13,20,6/13/2024,West,Delivered,27,5489.208
SALE-1036,ORD-2061,SKU-439,552.95,5,1/18/2024,East,Delivered,82,43074.805
SALE-1037,ORD-2062,SKU-723,160.93,0,6/21/2024,South,Delivered,94,15127.42
SALE-1241,ORD-2487,SKU-370,476.12,10,8/12/2024,North,Delivered,33,14140.764
SALE-1038,ORD-2064,SKU-874,166.97,0,3/25/2024,West,Delivered,16,2671.52
SALE-1042,ORD-2073,SKU-814,431.8,10,4/13/2024,East,Delivered,83,32255.46
SALE-1043,ORD-2074,SKU-342,217.2,5,6/10/2024,South,Delivered,80,16507.2
SALE-1047,ORD-2080,SKU-724,164.81,20,7/22/2024,North,Delivered,86,11338.928
SALE-1055,ORD-2098,SKU-421,410.85,10,11/18/2024,East,Delivered,24,8874.36
SALE-1056,ORD-2101,SKU-695,469.03,20,4/9/2024,West,Delivered,91,34145.384
SALE-1059,ORD-2110,SKU-483,134.94,0,3/10/2024,West,Delivered,66,8906.04
SALE-1060,ORD-2113,SKU-136,572.09,10,8/19/2024,East,Delivered,20,10297.62
SALE-1061,ORD-2115,SKU-276,251.27,5,2/4/2024,West,Delivered,75,17902.9875
SALE-1066,ORD-2123,SKU-368,169.31,20,3/16/2024,West,Delivered,62,8397.776
SALE-1068,ORD-2127,SKU-44,194.03,5,2/19/2024,West,Delivered,87,16036.5795
SALE-1120,ORD-2239,SKU-743,600.45,15,3/3/2024,West,Delivered,22,11228.415
SALE-1073,ORD-2142,SKU-497,89.24,0,6/5/2024,North,Delivered,53,4729.72
SALE-1079,ORD-2157,SKU-995,247.15,0,9/13/2024,South,Delivered,89,21996.35
SALE-1080,ORD-2160,SKU-933,61.1,20,1/9/2024,West,Delivered,95,4643.6
SALE-1082,ORD-2165,SKU-489,178.61,10,6/13/2024,West,Delivered,74,11895.426
SALE-1083,ORD-2166,SKU-690,91.51,0,10/20/2024,North,Delivered,70,6405.7
SALE-1084,ORD-2167,SKU-943,457.52,20,6/17/2024,East,Delivered,45,16470.72
SALE-1086,ORD-2170,SKU-652,143.95,20,7/20/2024,North,Delivered,59,6794.44
SALE-1089,ORD-2175,SKU-744,157.15,10,7/5/2024,West,Delivered,8,1131.48
SALE-1090,ORD-2176,SKU-58,46.15,15,9/20/2024,North,Delivered,13,509.9575
SALE-1100,ORD-2192,SKU-304,228.94,10,10/16/2024,West,Delivered,58,11950.668
SALE-1103,ORD-2201,SKU-544,514.8,20,6/14/2024,South,Delivered,27,11119.68
SALE-1105,ORD-2204,SKU-89,398.48,10,8/26/2024,East,Delivered,58,20800.656
SALE-1107,ORD-2208,SKU-525,109.92,0,8/1/2024,East,Delivered,30,3297.6
SALE-1108,ORD-2211,SKU-844,19.19,15,5/7/2024,West,Delivered,68,1109.182
SALE-1110,ORD-2218,SKU-245,475.73,15,7/20/2024,North,Delivered,8,3234.964
SALE-1114,ORD-2230,SKU-525,109.92,10,10/20/2024,East,Delivered,85,8408.88
SALE-1121,ORD-2240,SKU-204,636.22,0,2/14/2024,East,Delivered,17,10815.74
SALE-1122,ORD-2241,SKU-740,304.86,10,9/2/2024,West,Delivered,6,1646.244
SALE-1125,ORD-2249,SKU-422,388.13,15,3/22/2024,South,Delivered,35,11546.8675
SALE-1126,ORD-2251,SKU-83,365.25,5,9/20/2024,South,Delivered,11,3816.8625
SALE-1128,ORD-2254,SKU-982,386.27,5,5/5/2024,North,Delivered,10,3669.565
SALE-1130,ORD-2257,SKU-553,192.92,15,12/4/2024,South,Delivered,74,12134.668
SALE-1132,ORD-2261,SKU-888,170.96,5,12/21/2024,South,Delivered,87,14129.844
SALE-1133,ORD-2264,SKU-466,74.78,20,8/12/2024,South,Delivered,49,2931.376
SALE-1134,ORD-2266,SKU-578,388.55,5,8/11/2024,North,Delivered,15,5536.8375
SALE-1138,ORD-2274,SKU-419,516.59,0,2/20/2024,North,Delivered,80,41327.2
SALE-1139,ORD-2276,SKU-846,345.43,5,5/17/2024,East,Delivered,5,1640.7925
SALE-1142,ORD-2281,SKU-467,81.15,0,8/9/2024,West,Delivered,10,811.5
SALE-1143,ORD-2283,SKU-23,194.57,0,2/17/2024,East,Delivered,7,1361.99
SALE-1184,ORD-2381,SKU-826,137.7,10,12/11/2024,South,Delivered,8,991.44
SALE-1144,ORD-2286,SKU-925,705.29,5,3/11/2024,South,Delivered,74,49581.887
SALE-1145,ORD-2292,SKU-48,825.79,5,9/6/2024,West,Delivered,6,4707.003
SALE-1146,ORD-2293,SKU-144,336.97,5,7/26/2024,South,Delivered,39,12484.7385
SALE-1151,ORD-2300,SKU-626,246.69,10,7/18/2024,East,Delivered,24,5328.504
SALE-1152,ORD-2301,SKU-120,514.11,5,2/6/2024,East,Delivered,14,6837.663
SALE-1153,ORD-2304,SKU-997,429.63,10,10/2/2024,North,Delivered,9,3480.003
SALE-1154,ORD-2306,SKU-739,154.16,0,2/11/2024,South,Delivered,59,9095.44
SALE-1155,ORD-2308,SKU-175,56.72,5,8/6/2024,West,Delivered,91,4903.444
SALE-1156,ORD-2310,SKU-815,177.51,15,2/19/2024,East,Delivered,96,14484.816
SALE-1158,ORD-2312,SKU-197,358.18,5,10/24/2024,East,Delivered,50,17013.55
SALE-1159,ORD-2314,SKU-599,157.91,15,8/17/2024,East,Delivered,80,10737.88
SALE-1164,ORD-2327,SKU-670,750.39,0,5/13/2024,West,Delivered,5,3751.95
SALE-1175,ORD-2364,SKU-549,542.67,10,10/30/2024,South,Delivered,66,32234.598
SALE-1176,ORD-2366,SKU-624,49.83,10,4/7/2024,North,Delivered,18,807.246
SALE-1186,ORD-2383,SKU-903,418.34,20,10/31/2024,South,Delivered,94,31459.168
SALE-1187,ORD-2389,SKU-106,555.06,15,7/4/2024,North,Delivered,80,37744.08
SALE-1194,ORD-2404,SKU-619,605.24,5,7/6/2024,West,Delivered,24,13799.472
SALE-1198,ORD-2413,SKU-423,268.07,0,10/4/2024,North,Delivered,90,24126.3
SALE-1201,ORD-2416,SKU-627,203.27,0,8/29/2024,North,Delivered,85,17277.95
SALE-1202,ORD-2417,SKU-764,199.75,5,12/11/2024,East,Delivered,56,10626.7
SALE-1208,ORD-2425,SKU-30,755.15,5,2/12/2024,East,Delivered,9,6456.5325
SALE-1211,ORD-2431,SKU-198,171.15,0,5/8/2024,South,Delivered,1,171.15
SALE-1214,ORD-2436,SKU-193,178.83,20,11/19/2024,East,Delivered,83,11874.312
SALE-1217,ORD-2448,SKU-182,232.23,0,5/30/2024,South,Delivered,30,6966.9
SALE-1218,ORD-2450,SKU-486,608.18,5,6/21/2024,South,Delivered,23,13288.733
SALE-1219,ORD-2452,SKU-569,247.89,10,12/22/2024,West,Delivered,11,2454.111
SALE-1220,ORD-2453,SKU-384,86.16,5,1/9/2024,West,Delivered,31,2537.412
SALE-1225,ORD-2461,SKU-2,240.12,10,12/13/2024,North,Delivered,84,18153.072
SALE-1230,ORD-2466,SKU-648,708.26,20,11/22/2024,North,Delivered,59,33429.872
SALE-1231,ORD-2467,SKU-958,389.03,15,5/9/2024,East,Delivered,4,1322.702
SALE-1232,ORD-2470,SKU-346,406.02,15,11/12/2024,East,Delivered,49,16910.733
SALE-1234,ORD-2476,SKU-417,526.98,0,6/4/2024,East,Delivered,35,18444.3
SALE-1237,ORD-2482,SKU-632,296.44,20,7/21/2024,East,Delivered,22,5217.344
SALE-1239,ORD-2484,SKU-128,390.14,0,8/16/2024,East,Delivered,69,26919.66
SALE-1243,ORD-2491,SKU-547,281.11,0,8/21/2024,South,Delivered,93,26143.23
SALE-1247,ORD-2500,SKU-206,601.78,5,6/23/2024,North,Delivered,73,41733.443
SALE-1253,ORD-2521,SKU-628,566.78,10,6/2/2024,East,Delivered,12,6121.224
SALE-1254,ORD-2522,SKU-764,199.75,0,9/12/2024,North,Delivered,90,17977.5
SALE-1255,ORD-2523,SKU-805,158.4,5,5/18/2024,West,Delivered,50,7524
SALE-1257,ORD-2528,SKU-514,55.96,0,4/8/2024,North,Delivered,46,2574.16
SALE-1258,ORD-2530,SKU-981,543.27,20,3/6/2024,South,Delivered,91,39550.056
SALE-1259,ORD-2532,SKU-295,330.66,0,8/16/2024,North,Delivered,56,18516.96
SALE-1262,ORD-2538,SKU-378,539.2,15,7/19/2024,South,Delivered,63,28874.16
SALE-1263,ORD-2540,SKU-2,240.12,5,5/26/2024,West,Delivered,8,1824.912
SALE-1267,ORD-2548,SKU-578,388.55,5,5/10/2024,East,Delivered,86,31744.535
SALE-1268,ORD-2549,SKU-134,532.14,10,11/22/2024,North,Delivered,86,41187.636
SALE-1271,ORD-2552,SKU-746,563.69,5,9/2/2024,East,Delivered,30,16065.165
SALE-1278,ORD-2572,SKU-41,374.03,10,11/29/2024,South,Delivered,14,4712.778
SALE-1326,ORD-2667,SKU-404,49.38,5,1/13/2024,West,Delivered,15,703.665
SALE-1282,ORD-2577,SKU-122,519.71,5,10/15/2024,East,Delivered,100,49372.45
SALE-1283,ORD-2579,SKU-801,437.7,0,3/22/2024,West,Delivered,70,30639
SALE-1284,ORD-2580,SKU-151,257.37,15,9/19/2024,West,Delivered,18,3937.761
SALE-1286,ORD-2586,SKU-550,235.79,0,10/14/2024,South,Delivered,43,10138.97
SALE-1295,ORD-2601,SKU-792,798.37,20,3/28/2024,West,Delivered,42,26825.232
SALE-1297,ORD-2608,SKU-340,12.45,0,4/15/2024,East,Delivered,30,373.5
SALE-1298,ORD-2610,SKU-805,158.4,5,3/13/2024,East,Delivered,16,2407.68
SALE-1301,ORD-2613,SKU-182,232.23,10,5/29/2024,South,Delivered,41,8569.287
SALE-1306,ORD-2623,SKU-11,268.24,0,7/1/2024,East,Delivered,54,14484.96
SALE-1308,ORD-2628,SKU-144,336.97,5,6/9/2024,South,Delivered,17,5442.0655
SALE-1309,ORD-2629,SKU-757,81.87,0,7/14/2024,West,Delivered,13,1064.31
SALE-1311,ORD-2632,SKU-105,179.75,5,8/13/2024,North,Delivered,14,2390.675
SALE-1315,ORD-2642,SKU-712,572.53,5,11/18/2024,South,Delivered,34,18492.719
SALE-1316,ORD-2643,SKU-492,174.26,20,10/10/2024,West,Delivered,9,1254.672
SALE-1320,ORD-2654,SKU-840,437.22,0,11/26/2024,East,Delivered,57,24921.54
SALE-1321,ORD-2656,SKU-133,577.26,20,1/17/2024,West,Delivered,85,39253.68
SALE-1323,ORD-2660,SKU-562,466.52,0,12/29/2024,East,Delivered,42,19593.84
SALE-1329,ORD-2677,SKU-771,526.6,5,8/21/2024,East,Delivered,57,28515.39
SALE-1335,ORD-2691,SKU-145,690.42,20,3/6/2024,East,Delivered,93,51367.248
SALE-1337,ORD-2695,SKU-581,39.68,10,2/12/2024,North,Delivered,62,2214.144
SALE-1339,ORD-2701,SKU-905,49.42,10,10/4/2024,East,Delivered,98,4358.844
SALE-1342,ORD-2705,SKU-226,857.79,15,6/25/2024,South,Delivered,33,24061.0095
SALE-1343,ORD-2706,SKU-795,478.49,10,6/24/2024,West,Delivered,100,43064.1
SALE-1344,ORD-2707,SKU-359,410.74,5,5/29/2024,North,Delivered,54,21070.962
SALE-1345,ORD-2709,SKU-386,216.26,15,6/6/2024,South,Delivered,21,3860.241
SALE-1347,ORD-2711,SKU-433,752.52,10,9/29/2024,North,Delivered,77,52149.636
SALE-1349,ORD-2713,SKU-714,388.15,5,4/25/2024,West,Delivered,9,3318.6825
SALE-1350,ORD-2714,SKU-673,164.05,15,6/18/2024,West,Delivered,10,1394.425
SALE-1351,ORD-2716,SKU-386,216.26,20,5/11/2024,West,Delivered,25,4325.2
SALE-1353,ORD-2719,SKU-38,586.1,15,7/7/2024,North,Delivered,51,25407.435
SALE-1355,ORD-2721,SKU-218,377.69,5,11/20/2024,West,Delivered,46,16505.053
SALE-1363,ORD-2738,SKU-402,397.9,10,2/29/2024,South,Delivered,77,27574.47
SALE-1364,ORD-2740,SKU-510,42.02,5,11/17/2024,West,Delivered,79,3153.601
SALE-1365,ORD-2741,SKU-780,781.47,5,4/28/2024,South,Delivered,17,12620.7405
SALE-1367,ORD-2743,SKU-910,377.62,10,4/30/2024,East,Delivered,77,26169.066
SALE-1371,ORD-2748,SKU-135,184.6,0,12/21/2024,South,Delivered,17,3138.2
SALE-1374,ORD-2751,SKU-934,680.46,10,3/29/2024,East,Delivered,17,10411.038
SALE-1375,ORD-2753,SKU-503,490.93,5,4/23/2024,West,Delivered,29,13525.1215
SALE-1376,ORD-2754,SKU-605,494.91,10,12/27/2024,South,Delivered,28,12471.732
SALE-1378,ORD-2756,SKU-579,478.04,0,10/3/2024,West,Delivered,74,35374.96
SALE-1379,ORD-2757,SKU-576,446.96,5,3/17/2024,West,Delivered,30,12738.36
SALE-1382,ORD-2762,SKU-132,274.05,20,2/29/2024,West,Delivered,15,3288.6
SALE-1384,ORD-2764,SKU-772,604.12,15,7/22/2024,South,Delivered,47,24134.594
SALE-1386,ORD-2775,SKU-913,184.62,5,8/10/2024,West,Delivered,79,13855.731
SALE-1388,ORD-2778,SKU-877,867.05,5,11/8/2024,South,Delivered,96,79074.96
SALE-1389,ORD-2779,SKU-681,22.31,0,1/21/2024,East,Delivered,76,1695.56
SALE-1391,ORD-2782,SKU-445,305.9,5,6/16/2024,South,Delivered,4,1162.42
SALE-1392,ORD-2786,SKU-101,322.08,15,11/3/2024,East,Delivered,72,19711.296
SALE-1395,ORD-2791,SKU-342,217.2,5,6/30/2024,East,Delivered,16,3301.44
SALE-1399,ORD-2798,SKU-279,51.04,20,11/8/2024,East,Delivered,96,3919.872
SALE-1400,ORD-2799,SKU-193,178.83,0,1/7/2024,South,Delivered,43,7689.69
SALE-1401,ORD-2801,SKU-544,514.8,20,3/5/2024,East,Delivered,64,26357.76
SALE-1405,ORD-2811,SKU-930,81.95,20,5/23/2024,West,Delivered,75,4917
SALE-1406,ORD-2812,SKU-188,136.69,20,8/15/2024,North,Delivered,48,5248.896
SALE-1408,ORD-2815,SKU-620,244.94,5,4/21/2024,North,Delivered,52,12100.036
SALE-1410,ORD-2817,SKU-530,104.93,15,5/4/2024,South,Delivered,49,4370.3345
SALE-1416,ORD-2830,SKU-292,463.65,15,7/25/2024,South,Delivered,13,5123.3325
SALE-1417,ORD-2831,SKU-461,130.43,20,11/13/2024,East,Delivered,75,7825.8
SALE-1418,ORD-2832,SKU-39,218.64,10,5/8/2024,West,Delivered,81,15938.856
SALE-1420,ORD-2844,SKU-350,501.45,20,5/12/2024,South,Delivered,92,36906.72
SALE-1422,ORD-2848,SKU-653,172.25,15,2/11/2024,North,Delivered,2,292.825
SALE-1426,ORD-2855,SKU-683,547.74,15,2/4/2024,West,Delivered,34,15829.686
SALE-1429,ORD-2862,SKU-668,278.68,5,1/29/2024,North,Delivered,53,14031.538
SALE-1430,ORD-2863,SKU-685,191.41,15,7/30/2024,West,Delivered,6,976.191
SALE-1435,ORD-2874,SKU-327,403.74,10,5/7/2024,South,Delivered,54,19621.764
SALE-1439,ORD-2882,SKU-354,399.11,20,6/30/2024,West,Delivered,37,11813.656
SALE-1440,ORD-2883,SKU-743,600.45,5,10/30/2024,South,Delivered,40,22817.1
SALE-1441,ORD-2889,SKU-745,342.7,0,9/30/2024,North,Delivered,4,1370.8
SALE-1443,ORD-2895,SKU-521,588.83,20,2/16/2024,South,Delivered,30,14131.92
SALE-1447,ORD-2901,SKU-162,672.81,20,12/20/2024,East,Delivered,63,33909.624
SALE-1451,ORD-2908,SKU-288,883.49,20,8/5/2024,East,Delivered,13,9188.296
SALE-1452,ORD-2910,SKU-220,618.22,20,8/21/2024,West,Delivered,90,44511.84
SALE-1460,ORD-2925,SKU-523,177.08,20,9/15/2024,East,Delivered,7,991.648
SALE-1461,ORD-2926,SKU-362,469.4,15,4/29/2024,South,Delivered,4,1595.96
SALE-1462,ORD-2927,SKU-219,609.14,10,3/17/2024,West,Delivered,32,17543.232
SALE-1463,ORD-2928,SKU-572,421.51,20,4/9/2024,South,Delivered,88,29674.304
SALE-1466,ORD-2933,SKU-747,646.69,5,1/21/2024,West,Delivered,16,9829.688
SALE-1467,ORD-2934,SKU-797,331.27,5,9/16/2024,East,Delivered,73,22973.5745
SALE-1470,ORD-2938,SKU-773,485.94,5,7/15/2024,West,Delivered,60,27698.58
SALE-1471,ORD-2939,SKU-684,857.78,20,8/31/2024,South,Delivered,70,48035.68
SALE-1472,ORD-2941,SKU-317,93,0,3/27/2024,South,Delivered,59,5487
SALE-1473,ORD-2942,SKU-844,19.19,5,3/23/2024,South,Delivered,58,1057.369
SALE-1474,ORD-2944,SKU-925,705.29,5,5/19/2024,East,Delivered,66,44221.683
SALE-1475,ORD-2945,SKU-438,333.06,10,7/9/2024,North,Delivered,17,5095.818
SALE-1478,ORD-2949,SKU-861,781.9,10,10/14/2024,South,Delivered,1,703.71
SALE-1480,ORD-2953,SKU-332,447.28,0,8/6/2024,North,Delivered,99,44280.72
SALE-1481,ORD-2954,SKU-881,404.99,10,11/15/2024,North,Delivered,42,15308.622
SALE-1485,ORD-2958,SKU-828,380.54,0,5/10/2024,North,Delivered,35,13318.9
SALE-1489,ORD-2966,SKU-517,798.91,15,9/9/2024,North,Delivered,24,16297.764
SALE-1493,ORD-2973,SKU-837,489.03,10,7/30/2024,West,Delivered,63,27728.001
SALE-1494,ORD-2975,SKU-416,364.91,10,1/13/2024,South,Delivered,90,29557.71
SALE-1495,ORD-2976,SKU-26,697.69,20,6/2/2024,West,Delivered,56,31256.512
SALE-1497,ORD-2979,SKU-535,353.05,10,2/8/2024,South,Delivered,70,22242.15
SALE-1498,ORD-2980,SKU-614,393.05,0,7/31/2024,East,Delivered,51,20045.55
SALE-1500,ORD-2982,SKU-458,635.2,10,11/1/2024,East,Delivered,81,46306.08
SALE-1502,ORD-2985,SKU-88,373.8,20,10/11/2024,West,Delivered,50,14952
SALE-1503,ORD-2986,SKU-747,646.69,20,9/19/2024,North,Delivered,59,30523.768
SALE-1504,ORD-2987,SKU-187,150.62,20,4/24/2024,East,Delivered,38,4578.848
SALE-1505,ORD-2990,SKU-313,202.85,0,8/15/2024,East,Delivered,44,8925.4
SALE-1506,ORD-2996,SKU-393,662.58,5,10/11/2024,West,Delivered,60,37767.06
SALE-1511,ORD-3005,SKU-17,37.82,15,3/7/2024,North,Delivered,44,1414.468
SALE-1512,ORD-3006,SKU-842,641.06,0,4/2/2024,South,Delivered,46,29488.76
SALE-1514,ORD-3011,SKU-563,447.52,0,10/18/2024,North,Delivered,92,41171.84
SALE-1516,ORD-3016,SKU-871,41.45,20,8/13/2024,East,Delivered,5,165.8
SALE-1518,ORD-3023,SKU-699,27.09,20,2/18/2024,South,Delivered,45,975.24
SALE-1519,ORD-3025,SKU-731,296.95,10,7/24/2024,South,Delivered,85,22716.675
SALE-1520,ORD-3026,SKU-338,248.07,0,3/18/2024,North,Delivered,52,12899.64
SALE-1522,ORD-3030,SKU-255,316.37,20,12/7/2024,West,Delivered,84,21260.064
SALE-1523,ORD-3032,SKU-58,46.15,20,11/12/2024,North,Delivered,92,3396.64
SALE-1524,ORD-3035,SKU-377,249.07,15,11/30/2024,West,Delivered,57,12067.4415
SALE-1525,ORD-3036,SKU-164,217.69,15,10/10/2024,West,Delivered,69,12767.5185
SALE-1526,ORD-3040,SKU-67,424.75,20,11/21/2024,South,Delivered,82,27863.6
SALE-1528,ORD-3046,SKU-71,594.58,0,10/20/2024,North,Delivered,50,29729
SALE-1531,ORD-3050,SKU-419,516.59,20,2/12/2024,North,Delivered,58,23969.776
SALE-1532,ORD-3052,SKU-355,16.72,10,1/9/2024,South,Delivered,67,1008.216
SALE-1533,ORD-3053,SKU-162,672.81,10,8/10/2024,East,Delivered,82,49653.378
SALE-1534,ORD-3055,SKU-272,170.35,0,9/17/2024,North,Delivered,8,1362.8
SALE-1536,ORD-3065,SKU-211,234.77,15,8/28/2024,West,Delivered,13,2594.2085
SALE-1538,ORD-3072,SKU-965,257.44,10,2/12/2024,North,Delivered,52,12048.192
SALE-1539,ORD-3074,SKU-612,710.4,0,3/17/2024,South,Delivered,72,51148.8
SALE-1541,ORD-3078,SKU-384,86.16,15,8/23/2024,East,Delivered,16,1171.776
SALE-1542,ORD-3082,SKU-666,19.38,20,1/8/2024,West,Delivered,81,1255.824
SALE-1546,ORD-3096,SKU-591,572.24,20,8/5/2024,North,Delivered,83,37996.736
SALE-1548,ORD-3099,SKU-674,319.43,15,6/8/2024,West,Delivered,31,8416.9805
SALE-1549,ORD-3100,SKU-603,648.52,0,6/7/2024,North,Delivered,81,52530.12
SALE-1550,ORD-3101,SKU-104,85.55,20,9/16/2024,South,Delivered,3,205.32
SALE-1553,ORD-3106,SKU-751,617.97,10,1/7/2024,East,Delivered,4,2224.692
SALE-1554,ORD-3108,SKU-188,136.69,15,10/28/2024,South,Delivered,17,1975.1705
SALE-1555,ORD-3109,SKU-461,130.43,20,3/22/2024,East,Delivered,43,4486.792
SALE-1556,ORD-3110,SKU-608,595.98,10,11/12/2024,North,Delivered,37,19846.134
SALE-1557,ORD-3111,SKU-817,284.32,20,8/20/2024,West,Delivered,58,13192.448
SALE-1559,ORD-3113,SKU-820,379.54,10,6/19/2024,East,Delivered,26,8881.236
SALE-1560,ORD-3114,SKU-736,443.18,10,1/22/2024,West,Delivered,56,22336.272
SALE-1562,ORD-3116,SKU-771,526.6,5,6/23/2024,North,Delivered,3,1500.81
SALE-1568,ORD-3123,SKU-554,100.25,10,12/4/2024,West,Delivered,73,6586.425
SALE-1570,ORD-3127,SKU-600,418.19,0,5/24/2024,East,Delivered,47,19654.93
SALE-1571,ORD-3128,SKU-274,203.57,10,3/15/2024,North,Delivered,51,9343.863
SALE-1574,ORD-3131,SKU-685,191.41,15,2/2/2024,West,Delivered,4,650.794
SALE-1575,ORD-3132,SKU-956,482.63,5,5/6/2024,North,Delivered,97,44474.3545
SALE-1577,ORD-3134,SKU-2,240.12,0,10/19/2024,South,Delivered,50,12006
SALE-1578,ORD-3135,SKU-366,327.81,0,5/18/2024,South,Delivered,5,1639.05
SALE-1581,ORD-3138,SKU-536,256.68,5,5/22/2024,South,Delivered,19,4633.074
SALE-1582,ORD-3139,SKU-889,511.36,10,6/20/2024,East,Delivered,53,24391.872
SALE-1583,ORD-3145,SKU-391,300.96,20,5/27/2024,West,Delivered,90,21669.12
SALE-1587,ORD-3152,SKU-95,37.39,10,10/4/2024,North,Delivered,7,235.557
SALE-1588,ORD-3153,SKU-816,404.31,10,4/12/2024,North,Delivered,56,20377.224
SALE-1589,ORD-3155,SKU-985,42.87,20,1/5/2024,East,Delivered,38,1303.248
SALE-1590,ORD-3156,SKU-594,50.54,0,2/5/2024,North,Delivered,58,2931.32
SALE-1591,ORD-3157,SKU-519,416.66,0,11/7/2024,South,Delivered,24,9999.84
SALE-1593,ORD-3161,SKU-445,305.9,5,10/21/2024,East,Delivered,25,7265.125
SALE-1594,ORD-3163,SKU-359,410.74,5,4/30/2024,West,Delivered,40,15608.12
SALE-1595,ORD-3164,SKU-608,595.98,10,4/11/2024,East,Delivered,3,1609.146
SALE-1600,ORD-3172,SKU-310,584.51,10,2/3/2024,South,Delivered,86,45241.074
SALE-1602,ORD-3177,SKU-632,296.44,10,8/24/2024,West,Delivered,53,14140.188
SALE-1603,ORD-3179,SKU-674,319.43,15,1/10/2024,West,Delivered,39,10589.1045
SALE-1605,ORD-3183,SKU-733,146.87,10,1/20/2024,West,Delivered,78,10310.274
SALE-1606,ORD-3184,SKU-606,107.78,5,8/26/2024,East,Delivered,83,8498.453
SALE-1609,ORD-3189,SKU-407,629.27,5,9/21/2024,West,Delivered,20,11956.13
SALE-1611,ORD-3192,SKU-405,43.91,20,5/9/2024,South,Delivered,79,2775.112
SALE-1612,ORD-3197,SKU-516,117.4,0,12/7/2024,East,Delivered,77,9039.8
SALE-1614,ORD-3199,SKU-473,522.24,10,4/23/2024,North,Delivered,74,34781.184
SALE-1616,ORD-3207,SKU-996,359.49,5,7/22/2024,East,Delivered,97,33127.0035
SALE-1618,ORD-3209,SKU-183,492.12,15,9/11/2024,East,Delivered,11,4601.322
SALE-1619,ORD-3210,SKU-928,442.32,5,7/16/2024,South,Delivered,91,38238.564
SALE-1620,ORD-3211,SKU-171,217.09,15,7/12/2024,West,Delivered,53,9779.9045
SALE-1621,ORD-3214,SKU-807,234.34,15,11/23/2024,South,Delivered,34,6772.426
SALE-1622,ORD-3216,SKU-349,113.86,20,5/11/2024,West,Delivered,23,2095.024
SALE-1624,ORD-3221,SKU-68,186.36,20,3/26/2024,South,Delivered,36,5367.168
SALE-1625,ORD-3224,SKU-133,577.26,20,9/17/2024,East,Delivered,77,35559.216
SALE-1626,ORD-3225,SKU-484,284.9,0,4/2/2024,West,Delivered,80,22792
SALE-1628,ORD-3228,SKU-817,284.32,5,2/12/2024,East,Delivered,53,14315.512
SALE-1629,ORD-3230,SKU-896,356.15,5,6/9/2024,South,Delivered,24,8120.22
SALE-1630,ORD-3235,SKU-282,94.52,10,11/29/2024,West,Delivered,81,6890.508
SALE-1631,ORD-3238,SKU-338,248.07,5,11/5/2024,West,Delivered,18,4241.997
SALE-1632,ORD-3240,SKU-192,352.22,10,2/14/2024,East,Delivered,5,1584.99
SALE-1635,ORD-3246,SKU-441,440.59,5,8/23/2024,West,Delivered,28,11719.694
SALE-1637,ORD-3249,SKU-237,423.55,10,12/4/2024,North,Delivered,33,12579.435
SALE-1638,ORD-3250,SKU-341,790.05,15,8/6/2024,West,Delivered,24,16117.02
SALE-1639,ORD-3251,SKU-540,161.8,15,9/7/2024,South,Delivered,18,2475.54
SALE-1640,ORD-3252,SKU-428,719.52,0,5/27/2024,North,Delivered,69,49646.88
SALE-1642,ORD-3254,SKU-288,883.49,0,6/10/2024,West,Delivered,72,63611.28
SALE-1644,ORD-3258,SKU-797,331.27,20,4/7/2024,West,Delivered,67,17756.072
SALE-1646,ORD-3263,SKU-802,120.78,20,11/20/2024,North,Delivered,15,1449.36
SALE-1649,ORD-3267,SKU-207,559.21,20,11/3/2024,North,Delivered,98,43842.064
SALE-1651,ORD-3269,SKU-701,392.23,10,10/25/2024,West,Delivered,21,7413.147
SALE-1652,ORD-3271,SKU-272,170.35,15,9/22/2024,South,Delivered,75,10859.8125
SALE-1654,ORD-3274,SKU-348,559.7,15,12/13/2024,East,Delivered,58,27593.21
SALE-1655,ORD-3277,SKU-369,114.17,0,2/7/2024,West,Delivered,76,8676.92
SALE-1656,ORD-3278,SKU-419,516.59,20,7/2/2024,North,Delivered,20,8265.44
SALE-1657,ORD-3279,SKU-884,240.85,0,1/2/2024,North,Delivered,24,5780.4
SALE-1659,ORD-3283,SKU-938,353.89,15,4/5/2024,West,Delivered,48,14438.712
SALE-1660,ORD-3284,SKU-352,469.85,15,8/25/2024,East,Delivered,46,18371.135
SALE-1661,ORD-3285,SKU-688,160.37,15,12/25/2024,South,Delivered,96,13086.192
SALE-1667,ORD-3295,SKU-84,379.53,0,3/17/2024,South,Delivered,65,24669.45
SALE-1668,ORD-3296,SKU-743,600.45,10,5/15/2024,North,Delivered,60,32424.3
SALE-1670,ORD-3313,SKU-945,214.81,10,12/5/2024,North,Delivered,28,5413.212
SALE-1672,ORD-3316,SKU-719,438.16,20,3/15/2024,North,Delivered,33,11567.424
SALE-1674,ORD-3326,SKU-810,142.04,20,9/10/2024,West,Delivered,61,6931.552
SALE-1675,ORD-3327,SKU-880,631.42,15,10/30/2024,East,Delivered,64,34349.248
SALE-1677,ORD-3329,SKU-72,495.58,10,6/15/2024,North,Delivered,39,17394.858
SALE-1679,ORD-3334,SKU-603,648.52,0,10/21/2024,East,Delivered,3,1945.56
SALE-1683,ORD-3339,SKU-555,115.88,20,11/3/2024,South,Delivered,18,1668.672
SALE-1685,ORD-3343,SKU-504,341.37,20,8/24/2024,North,Delivered,42,11470.032
SALE-1686,ORD-3344,SKU-256,700.91,15,3/21/2024,North,Delivered,50,29788.675
SALE-1687,ORD-3345,SKU-586,293.26,5,3/3/2024,South,Delivered,38,10586.686
SALE-1688,ORD-3347,SKU-372,112.57,15,10/17/2024,East,Delivered,50,4784.225
SALE-1690,ORD-3353,SKU-927,295.55,10,4/28/2024,West,Delivered,52,13831.74
SALE-1691,ORD-3354,SKU-864,299.74,10,2/1/2024,East,Delivered,97,26167.302
SALE-1692,ORD-3358,SKU-957,602.46,5,3/11/2024,South,Delivered,37,21176.469
SALE-1695,ORD-3364,SKU-910,377.62,0,3/9/2024,East,Delivered,61,23034.82
SALE-1699,ORD-3370,SKU-557,796.39,5,6/30/2024,West,Delivered,73,55229.6465
SALE-1702,ORD-3377,SKU-948,350.3,15,3/1/2024,West,Delivered,45,13398.975
SALE-1703,ORD-3379,SKU-715,259.06,5,1/3/2024,South,Delivered,7,1722.749
SALE-1705,ORD-3385,SKU-853,717.95,15,2/6/2024,East,Delivered,79,48210.3425
SALE-1707,ORD-3389,SKU-420,60.86,0,9/7/2024,South,Delivered,94,5720.84
SALE-1709,ORD-3393,SKU-576,446.96,5,10/19/2024,West,Delivered,35,14861.42
SALE-1710,ORD-3395,SKU-128,390.14,10,12/13/2024,North,Delivered,66,23174.316
SALE-1711,ORD-3398,SKU-394,236.65,5,3/23/2024,South,Delivered,100,22481.75
SALE-1714,ORD-3402,SKU-977,36.66,20,10/10/2024,East,Delivered,20,586.56
SALE-1715,ORD-3403,SKU-761,100.66,5,12/23/2024,North,Delivered,20,1912.54
SALE-1716,ORD-3406,SKU-310,584.51,0,12/8/2024,East,Delivered,21,12274.71
SALE-1719,ORD-3420,SKU-279,51.04,0,6/15/2024,North,Delivered,94,4797.76
SALE-1720,ORD-3422,SKU-452,395.83,15,8/17/2024,South,Delivered,90,30280.995
SALE-1723,ORD-3429,SKU-211,234.77,15,3/8/2024,South,Delivered,10,1995.545
SALE-1724,ORD-3430,SKU-912,79.48,10,11/10/2024,East,Delivered,15,1072.98
SALE-1726,ORD-3435,SKU-837,489.03,10,9/8/2024,North,Delivered,84,36970.668
SALE-1730,ORD-3446,SKU-645,318.68,10,4/22/2024,East,Delivered,33,9464.796
SALE-1731,ORD-3448,SKU-135,184.6,0,9/24/2024,South,Delivered,93,17167.8
SALE-1734,ORD-3452,SKU-497,89.24,10,7/15/2024,East,Delivered,8,642.528
SALE-1735,ORD-3453,SKU-59,242.6,15,11/28/2024,West,Delivered,12,2474.52
SALE-1736,ORD-3456,SKU-889,511.36,0,10/18/2024,West,Delivered,23,11761.28
SALE-1739,ORD-3462,SKU-730,38.13,5,12/20/2024,South,Delivered,23,833.1405
SALE-1740,ORD-3465,SKU-419,516.59,5,5/16/2024,North,Delivered,13,6379.8865
SALE-1744,ORD-3471,SKU-54,557.25,5,11/18/2024,West,Delivered,99,52409.3625
SALE-1747,ORD-3477,SKU-963,18.79,5,8/3/2024,West,Delivered,33,589.0665
SALE-1749,ORD-3483,SKU-799,284.82,20,9/13/2024,East,Delivered,30,6835.68
SALE-1750,ORD-3489,SKU-45,520.2,5,11/9/2024,South,Delivered,12,5930.28
SALE-1752,ORD-3491,SKU-884,240.85,20,12/24/2024,North,Delivered,51,9826.68
SALE-1753,ORD-3492,SKU-175,56.72,15,12/22/2024,West,Delivered,14,674.968
SALE-1754,ORD-3493,SKU-372,112.57,10,5/10/2024,North,Delivered,97,9827.361
SALE-1755,ORD-3497,SKU-7,120.09,20,6/26/2024,West,Delivered,98,9415.056
SALE-1759,ORD-3503,SKU-591,572.24,5,5/18/2024,West,Delivered,95,51644.66
SALE-1760,ORD-3505,SKU-556,334.27,5,3/27/2024,West,Delivered,97,30802.9805
SALE-1763,ORD-3516,SKU-268,172.19,15,2/19/2024,West,Delivered,10,1463.615
SALE-1766,ORD-3521,SKU-715,259.06,5,7/13/2024,West,Delivered,64,15750.848
SALE-1770,ORD-3528,SKU-642,597.03,20,12/5/2024,East,Delivered,4,1910.496
SALE-1772,ORD-3533,SKU-903,418.34,10,3/29/2024,South,Delivered,22,8283.132
SALE-1773,ORD-3536,SKU-342,217.2,10,6/10/2024,North,Delivered,98,19157.04
SALE-1777,ORD-3542,SKU-216,51.26,10,3/23/2024,East,Delivered,51,2352.834
SALE-1778,ORD-3545,SKU-652,143.95,5,4/28/2024,South,Delivered,63,8615.4075
SALE-1782,ORD-3553,SKU-612,710.4,0,3/11/2024,East,Delivered,18,12787.2
SALE-1789,ORD-3570,SKU-40,34.78,15,7/28/2024,West,Delivered,6,177.378
SALE-1795,ORD-3578,SKU-493,191.67,20,5/18/2024,North,Delivered,54,8280.144
SALE-1796,ORD-3579,SKU-589,111.58,0,6/7/2024,North,Delivered,98,10934.84
SALE-1800,ORD-3586,SKU-110,495.92,10,6/17/2024,West,Delivered,29,12943.512
SALE-1801,ORD-3589,SKU-116,269.38,10,7/15/2024,North,Delivered,57,13819.194
SALE-1805,ORD-3594,SKU-122,519.71,0,4/16/2024,East,Delivered,63,32741.73
SALE-1806,ORD-3595,SKU-403,200.33,0,11/18/2024,East,Delivered,29,5809.57
SALE-1807,ORD-3598,SKU-576,446.96,15,4/28/2024,East,Delivered,66,25074.456
SALE-1808,ORD-3600,SKU-623,730.73,0,11/4/2024,West,Delivered,80,58458.4
SALE-1809,ORD-3603,SKU-12,265.8,0,12/20/2024,South,Delivered,3,797.4
SALE-1810,ORD-3605,SKU-50,214.69,20,1/10/2024,North,Delivered,1,171.752
SALE-1811,ORD-3606,SKU-3,416.65,15,11/24/2024,East,Delivered,97,34352.7925
SALE-1813,ORD-3608,SKU-397,297.18,0,11/5/2024,West,Delivered,13,3863.34
SALE-1815,ORD-3610,SKU-358,561.07,15,7/7/2024,East,Delivered,6,2861.457
SALE-1817,ORD-3613,SKU-420,60.86,5,6/29/2024,North,Delivered,57,3295.569
SALE-1818,ORD-3616,SKU-223,149.77,10,6/13/2024,South,Delivered,9,1213.137
SALE-1819,ORD-3620,SKU-210,83.48,15,3/22/2024,North,Delivered,75,5321.85
SALE-1820,ORD-3626,SKU-634,480.98,5,3/23/2024,North,Delivered,7,3198.517
SALE-1823,ORD-3640,SKU-434,169.69,15,6/19/2024,West,Delivered,89,12837.0485
SALE-1825,ORD-3644,SKU-988,401.65,10,11/11/2024,South,Delivered,18,6506.73
SALE-1827,ORD-3646,SKU-832,40.36,10,8/6/2024,West,Delivered,77,2796.948
SALE-1828,ORD-3647,SKU-875,482.96,0,11/6/2024,East,Delivered,91,43949.36
SALE-1829,ORD-3650,SKU-432,584.52,20,7/18/2024,West,Delivered,46,21510.336
SALE-1830,ORD-3651,SKU-248,198.39,15,1/3/2024,East,Delivered,20,3372.63
SALE-1831,ORD-3653,SKU-659,229.15,15,10/5/2024,East,Delivered,86,16750.865
SALE-1832,ORD-3655,SKU-998,181.57,5,2/19/2024,West,Delivered,25,4312.2875
SALE-1833,ORD-3656,SKU-306,11.73,0,1/17/2024,North,Delivered,39,457.47
SALE-1834,ORD-3657,SKU-525,109.92,10,6/21/2024,North,Delivered,96,9497.088
SALE-1838,ORD-3664,SKU-183,492.12,5,10/20/2024,West,Delivered,64,29920.896
SALE-1839,ORD-3665,SKU-709,151.58,15,11/20/2024,South,Delivered,80,10307.44
SALE-1840,ORD-3666,SKU-236,666.09,0,5/20/2024,East,Delivered,43,28641.87
SALE-1844,ORD-3675,SKU-128,390.14,10,12/2/2024,East,Delivered,61,21418.686
SALE-1845,ORD-3677,SKU-25,351.67,0,10/31/2024,West,Delivered,26,9143.42
SALE-1846,ORD-3680,SKU-776,440.41,5,10/9/2024,South,Delivered,57,23848.2015
SALE-1847,ORD-3684,SKU-758,428.73,5,3/21/2024,North,Delivered,79,32176.1865
SALE-1851,ORD-3691,SKU-679,153.41,5,4/23/2024,West,Delivered,35,5100.8825
SALE-1852,ORD-3694,SKU-539,316.73,5,12/17/2024,East,Delivered,63,18956.2905
SALE-1854,ORD-3696,SKU-237,423.55,20,3/16/2024,North,Delivered,69,23379.96
SALE-1855,ORD-3697,SKU-433,752.52,0,8/7/2024,West,Delivered,39,29348.28
SALE-1857,ORD-3700,SKU-40,34.78,15,6/1/2024,East,Delivered,81,2394.603
SALE-1860,ORD-3705,SKU-598,65.57,5,7/16/2024,North,Delivered,56,3488.324
SALE-1861,ORD-3706,SKU-999,155.93,20,10/7/2024,South,Delivered,24,2993.856
SALE-1862,ORD-3708,SKU-991,167.19,10,7/28/2024,North,Delivered,41,6169.311
SALE-1865,ORD-3718,SKU-638,728.14,0,3/25/2024,North,Delivered,13,9465.82
SALE-1877,ORD-3746,SKU-665,447.15,10,3/28/2024,South,Delivered,61,24548.535
SALE-1878,ORD-3747,SKU-267,342.57,15,6/14/2024,North,Delivered,31,9026.7195
SALE-1879,ORD-3752,SKU-190,580.94,20,10/30/2024,North,Delivered,13,6041.776
SALE-1882,ORD-3756,SKU-52,163.4,20,8/18/2024,North,Delivered,53,6928.16
SALE-1883,ORD-3757,SKU-573,454.1,10,3/18/2024,West,Delivered,70,28608.3
SALE-1885,ORD-3761,SKU-241,671.44,0,9/22/2024,North,Delivered,42,28200.48
SALE-1886,ORD-3762,SKU-231,527.99,0,3/2/2024,North,Delivered,72,38015.28
SALE-1890,ORD-3766,SKU-675,820.2,15,2/3/2024,North,Delivered,39,27189.63
SALE-1891,ORD-3767,SKU-267,342.57,5,8/8/2024,East,Delivered,16,5207.064
SALE-1892,ORD-3770,SKU-603,648.52,10,2/15/2024,East,Delivered,33,19261.044
SALE-1896,ORD-3776,SKU-742,696.23,5,3/16/2024,West,Delivered,96,63496.176
SALE-1897,ORD-3780,SKU-18,736.44,0,3/19/2024,North,Delivered,42,30930.48
SALE-1899,ORD-3783,SKU-791,387.04,5,5/14/2024,South,Delivered,34,12501.392
SALE-1900,ORD-3787,SKU-501,600.44,10,11/29/2024,East,Delivered,68,36746.928
SALE-1903,ORD-3791,SKU-792,798.37,10,1/20/2024,East,Delivered,40,28741.32
SALE-1905,ORD-3793,SKU-149,411.51,5,1/23/2024,West,Delivered,18,7036.821
SALE-1906,ORD-3794,SKU-722,99.78,15,7/1/2024,South,Delivered,54,4579.902
SALE-1908,ORD-3796,SKU-792,798.37,5,6/5/2024,West,Delivered,19,14410.5785
SALE-1910,ORD-3798,SKU-132,274.05,10,12/26/2024,North,Delivered,50,12332.25
SALE-1911,ORD-3799,SKU-131,181.47,15,11/18/2024,North,Delivered,42,6478.479
SALE-1912,ORD-3800,SKU-495,557.32,15,12/3/2024,South,Delivered,36,17053.992
SALE-1913,ORD-3801,SKU-295,330.66,20,10/16/2024,South,Delivered,60,15871.68
SALE-1914,ORD-3802,SKU-827,182.63,15,10/12/2024,East,Delivered,85,13195.0175
SALE-1915,ORD-3803,SKU-971,136.19,10,10/27/2024,South,Delivered,83,10173.393
SALE-1916,ORD-3804,SKU-915,823.25,20,5/15/2024,East,Delivered,46,30295.6
SALE-1918,ORD-3809,SKU-178,511.34,0,10/12/2024,South,Delivered,94,48065.96
SALE-1919,ORD-3811,SKU-598,65.57,20,6/7/2024,East,Delivered,62,3252.272
SALE-1920,ORD-3812,SKU-489,178.61,5,6/10/2024,West,Delivered,8,1357.436
SALE-1922,ORD-3816,SKU-339,82.24,20,10/21/2024,West,Delivered,63,4144.896
SALE-1924,ORD-3819,SKU-281,668.37,0,10/15/2024,West,Delivered,57,38097.09
SALE-1926,ORD-3823,SKU-905,49.42,20,12/24/2024,South,Delivered,17,672.112
SALE-1927,ORD-3826,SKU-378,539.2,20,6/14/2024,East,Delivered,11,4744.96
SALE-1928,ORD-3829,SKU-172,474.29,10,9/20/2024,East,Delivered,77,32868.297
SALE-1929,ORD-3830,SKU-28,357.71,0,8/14/2024,West,Delivered,18,6438.78
SALE-1930,ORD-3831,SKU-997,429.63,5,6/15/2024,West,Delivered,86,35100.771
SALE-1931,ORD-3832,SKU-399,89.55,5,11/10/2024,East,Delivered,80,6805.8
SALE-1932,ORD-3833,SKU-393,662.58,10,2/2/2024,North,Delivered,38,22660.236
SALE-1933,ORD-3834,SKU-526,597.05,0,4/8/2024,North,Delivered,49,29255.45
SALE-1936,ORD-3840,SKU-753,717.88,15,1/1/2024,West,Delivered,19,11593.762
SALE-1937,ORD-3841,SKU-473,522.24,0,7/23/2024,East,Delivered,62,32378.88
SALE-1938,ORD-3843,SKU-366,327.81,5,8/22/2024,West,Delivered,55,17128.0725
SALE-1939,ORD-3845,SKU-374,640.37,10,1/5/2024,East,Delivered,26,14984.658
SALE-1941,ORD-3848,SKU-824,340.79,15,3/14/2024,South,Delivered,70,20277.005
SALE-1942,ORD-3849,SKU-948,350.3,5,7/7/2024,West,Delivered,72,23960.52
SALE-1946,ORD-3854,SKU-269,424.64,0,4/29/2024,West,Delivered,20,8492.8
SALE-1947,ORD-3858,SKU-845,558.22,5,4/17/2024,South,Delivered,16,8484.944
SALE-1949,ORD-3863,SKU-509,265.42,5,12/1/2024,East,Delivered,29,7312.321
SALE-1950,ORD-3865,SKU-166,91.98,0,11/22/2024,East,Delivered,19,1747.62
SALE-1951,ORD-3866,SKU-155,379.59,10,10/3/2024,North,Delivered,61,20839.491
SALE-1954,ORD-3872,SKU-830,46.3,10,4/23/2024,West,Delivered,59,2458.53
SALE-1955,ORD-3873,SKU-644,429.75,5,7/24/2024,West,Delivered,25,10206.5625
SALE-1956,ORD-3874,SKU-614,393.05,15,4/29/2024,East,Delivered,30,10022.775
SALE-1959,ORD-3881,SKU-309,603.35,15,5/6/2024,West,Delivered,35,17949.6625
SALE-1962,ORD-3885,SKU-508,347.3,20,7/18/2024,South,Delivered,56,15559.04
SALE-1965,ORD-3890,SKU-741,345.62,15,1/20/2024,East,Delivered,93,27321.261
SALE-1971,ORD-3896,SKU-157,380.78,5,6/17/2024,North,Delivered,95,34365.395
SALE-1972,ORD-3897,SKU-106,555.06,15,12/21/2024,South,Delivered,39,18400.239
SALE-1973,ORD-3900,SKU-787,63.11,15,8/4/2024,North,Delivered,91,4881.5585
SALE-1974,ORD-3901,SKU-625,209.63,15,12/18/2024,North,Delivered,67,11938.4285
SALE-1975,ORD-3902,SKU-259,137.37,5,11/17/2024,East,Delivered,93,12136.6395
SALE-1977,ORD-3904,SKU-805,158.4,5,6/27/2024,East,Delivered,55,8276.4
SALE-1978,ORD-3909,SKU-319,318.41,0,3/20/2024,North,Delivered,35,11144.35
SALE-1980,ORD-3912,SKU-119,760.21,10,9/8/2024,East,Delivered,26,17788.914
SALE-1981,ORD-3913,SKU-823,53.26,10,9/16/2024,South,Delivered,29,1390.086
SALE-1985,ORD-3918,SKU-709,151.58,0,5/2/2024,West,Delivered,5,757.9
SALE-1990,ORD-3933,SKU-636,377.54,10,12/23/2024,South,Delivered,81,27522.666
SALE-1991,ORD-3934,SKU-147,112.45,15,9/3/2024,North,Delivered,6,573.495
SALE-1993,ORD-3938,SKU-294,326.11,10,10/30/2024,West,Delivered,6,1760.994
SALE-1999,ORD-3954,SKU-608,595.98,10,6/1/2024,West,Delivered,74,39692.268
SALE-2000,ORD-3955,SKU-284,424.71,20,3/7/2024,North,Delivered,19,6455.592
SALE-2001,ORD-3956,SKU-146,153.36,15,7/20/2024,East,Delivered,46,5996.376
SALE-2002,ORD-3957,SKU-939,410.28,15,3/18/2024,North,Delivered,95,33130.11
SALE-2005,ORD-3960,SKU-443,738.09,10,5/18/2024,South,Delivered,5,3321.405
SALE-2008,ORD-3966,SKU-758,428.73,10,10/10/2024,North,Delivered,87,33569.559
SALE-2009,ORD-3967,SKU-373,278.61,5,10/23/2024,West,Delivered,27,7146.3465
SALE-2011,ORD-3972,SKU-567,151.46,0,8/3/2024,South,Delivered,23,3483.58
SALE-2014,ORD-3981,SKU-652,143.95,20,7/12/2024,East,Delivered,54,6218.64
SALE-2016,ORD-3984,SKU-132,274.05,5,10/9/2024,West,Delivered,37,9632.8575
SALE-2020,ORD-3992,SKU-208,284.33,5,2/19/2024,North,Delivered,32,8643.632
SALE-2022,ORD-3996,SKU-274,203.57,10,8/1/2024,East,Delivered,20,3664.26
SALE-2023,ORD-3998,SKU-267,342.57,0,6/28/2024,West,Delivered,46,15758.22
SALE-2024,ORD-4001,SKU-912,79.48,20,8/16/2024,North,Delivered,38,2416.192
SALE-2026,ORD-4005,SKU-489,178.61,15,12/21/2024,North,Delivered,74,11234.569
SALE-2027,ORD-4007,SKU-300,96.95,10,1/16/2024,South,Delivered,40,3490.2
SALE-2030,ORD-4013,SKU-100,822.74,20,1/17/2024,North,Delivered,73,48048.016
SALE-2033,ORD-4018,SKU-579,478.04,0,3/10/2024,South,Delivered,56,26770.24
SALE-2034,ORD-4019,SKU-873,317.76,20,6/6/2024,West,Delivered,24,6100.992
SALE-2037,ORD-4022,SKU-786,373.88,0,8/3/2024,North,Delivered,74,27667.12
SALE-2038,ORD-4024,SKU-981,543.27,0,7/20/2024,South,Delivered,89,48351.03
SALE-2039,ORD-4025,SKU-565,253.96,10,10/9/2024,East,Delivered,33,7542.612
SALE-2040,ORD-4027,SKU-597,321.15,20,6/12/2024,South,Delivered,89,22865.88
SALE-2041,ORD-4028,SKU-592,19.55,20,11/20/2024,West,Delivered,87,1360.68
SALE-2043,ORD-4031,SKU-517,798.91,15,5/16/2024,South,Delivered,67,45497.9245
SALE-2045,ORD-4033,SKU-319,318.41,10,8/20/2024,West,Delivered,7,2005.983
SALE-2046,ORD-4035,SKU-861,781.9,15,6/23/2024,West,Delivered,76,50510.74
SALE-2051,ORD-4047,SKU-782,658.62,5,2/27/2024,North,Delivered,14,8759.646
SALE-2052,ORD-4049,SKU-769,559.22,20,11/30/2024,South,Delivered,55,24605.68
SALE-2057,ORD-4069,SKU-22,24.14,5,7/28/2024,North,Delivered,28,642.124
SALE-2058,ORD-4070,SKU-378,539.2,10,5/15/2024,North,Delivered,73,35425.44
SALE-2062,ORD-4084,SKU-800,779.29,5,6/9/2024,West,Delivered,88,65148.644
SALE-2065,ORD-4090,SKU-545,503.04,15,8/25/2024,South,Delivered,53,22661.952
SALE-2066,ORD-4091,SKU-359,410.74,5,9/1/2024,East,Delivered,58,22631.774
SALE-2067,ORD-4092,SKU-665,447.15,20,5/30/2024,South,Delivered,99,35414.28
SALE-2068,ORD-4093,SKU-26,697.69,15,12/28/2024,North,Delivered,4,2372.146
SALE-2070,ORD-4099,SKU-543,411.02,15,2/22/2024,North,Delivered,92,32141.764
SALE-2072,ORD-4105,SKU-834,25.58,10,9/8/2024,North,Delivered,27,621.594
SALE-2073,ORD-4109,SKU-183,492.12,15,8/27/2024,North,Delivered,99,41411.898
SALE-2074,ORD-4114,SKU-336,646.65,10,10/22/2024,South,Delivered,23,13385.655
SALE-2076,ORD-4116,SKU-2,240.12,15,10/15/2024,East,Delivered,50,10205.1
SALE-2077,ORD-4117,SKU-693,180.82,0,8/23/2024,North,Delivered,50,9041
SALE-2078,ORD-4123,SKU-771,526.6,0,7/7/2024,West,Delivered,56,29489.6
SALE-2081,ORD-4126,SKU-520,47.53,5,2/15/2024,North,Delivered,72,3251.052
SALE-2082,ORD-4127,SKU-841,100.16,15,7/3/2024,South,Delivered,93,7917.648
SALE-2083,ORD-4131,SKU-854,254.03,0,6/25/2024,East,Delivered,16,4064.48
SALE-2086,ORD-4135,SKU-925,705.29,20,7/21/2024,South,Delivered,30,16926.96
SALE-2087,ORD-4136,SKU-312,383.35,20,7/28/2024,West,Delivered,83,25454.44
SALE-2089,ORD-4149,SKU-465,622.93,20,5/23/2024,West,Delivered,39,19435.416
SALE-2092,ORD-4152,SKU-72,495.58,0,2/10/2024,North,Delivered,93,46088.94
SALE-2093,ORD-4154,SKU-428,719.52,20,11/9/2024,East,Delivered,36,20722.176
SALE-2095,ORD-4157,SKU-629,712.24,20,7/19/2024,West,Delivered,79,45013.568
SALE-2098,ORD-4162,SKU-176,685.68,15,3/15/2024,East,Delivered,56,32638.368
SALE-2099,ORD-4163,SKU-109,681.45,10,3/18/2024,West,Delivered,72,44157.96
SALE-2102,ORD-4170,SKU-461,130.43,0,8/15/2024,South,Delivered,79,10303.97
SALE-2104,ORD-4172,SKU-554,100.25,20,11/20/2024,East,Delivered,70,5614
SALE-2110,ORD-4178,SKU-751,617.97,20,4/15/2024,South,Delivered,31,15325.656
SALE-2111,ORD-4179,SKU-45,520.2,20,2/11/2024,East,Delivered,48,19975.68
SALE-2113,ORD-4185,SKU-295,330.66,0,3/9/2024,North,Delivered,33,10911.78
SALE-2114,ORD-4186,SKU-114,329.92,15,5/27/2024,South,Delivered,85,23836.72
SALE-2115,ORD-4189,SKU-605,494.91,5,6/6/2024,West,Delivered,67,31501.0215
SALE-2116,ORD-4191,SKU-255,316.37,5,7/17/2024,North,Delivered,48,14426.472
SALE-2120,ORD-4195,SKU-514,55.96,5,4/24/2024,West,Delivered,30,1594.86
SALE-2121,ORD-4196,SKU-199,294.04,0,11/28/2024,East,Delivered,96,28227.84
SALE-2125,ORD-4204,SKU-433,752.52,10,3/16/2024,North,Delivered,52,35217.936
SALE-2127,ORD-4206,SKU-297,513.27,0,4/1/2024,South,Delivered,87,44654.49
SALE-2128,ORD-4207,SKU-372,112.57,10,3/31/2024,West,Delivered,71,7193.223
SALE-2130,ORD-4211,SKU-147,112.45,20,10/7/2024,North,Delivered,28,2518.88
SALE-2131,ORD-4212,SKU-828,380.54,10,3/9/2024,North,Delivered,29,9932.094
SALE-2132,ORD-4218,SKU-352,469.85,10,8/9/2024,North,Delivered,2,845.73
SALE-2134,ORD-4222,SKU-1000,549.81,20,7/19/2024,South,Delivered,54,23751.792
SALE-2136,ORD-4228,SKU-951,311.21,10,12/5/2024,North,Delivered,1,280.089
SALE-2137,ORD-4229,SKU-880,631.42,0,5/4/2024,North,Delivered,32,20205.44
SALE-2139,ORD-4233,SKU-798,506.69,5,3/22/2024,South,Delivered,92,44284.706
SALE-2142,ORD-4240,SKU-770,131.24,0,4/13/2024,South,Delivered,26,3412.24
SALE-2143,ORD-4243,SKU-100,822.74,20,12/16/2024,West,Delivered,51,33567.792
SALE-2144,ORD-4245,SKU-164,217.69,15,8/31/2024,South,Delivered,92,17023.358
SALE-2145,ORD-4246,SKU-418,22.01,10,5/3/2024,West,Delivered,81,1604.529
SALE-2147,ORD-4250,SKU-288,883.49,15,10/26/2024,East,Delivered,79,59326.3535
SALE-2148,ORD-4252,SKU-863,537.29,15,9/19/2024,South,Delivered,58,26488.397
SALE-2149,ORD-4253,SKU-422,388.13,0,11/1/2024,East,Delivered,29,11255.77
SALE-2150,ORD-4254,SKU-150,373.5,15,7/15/2024,West,Delivered,58,18413.55
SALE-2151,ORD-4256,SKU-709,151.58,15,7/17/2024,East,Delivered,41,5282.563
SALE-2152,ORD-4257,SKU-654,355.84,15,1/3/2024,East,Delivered,42,12703.488
SALE-2153,ORD-4259,SKU-315,694.01,5,7/30/2024,South,Delivered,8,5274.476
SALE-2155,ORD-4262,SKU-466,74.78,15,12/30/2024,South,Delivered,37,2351.831
SALE-2156,ORD-4266,SKU-727,532.77,5,2/16/2024,North,Delivered,94,47576.361
SALE-2159,ORD-4270,SKU-986,590.99,15,4/15/2024,North,Delivered,89,44708.3935
SALE-2161,ORD-4276,SKU-805,158.4,5,10/16/2024,East,Delivered,71,10684.08
SALE-2162,ORD-4277,SKU-202,595.96,10,6/9/2024,East,Delivered,86,46127.304
SALE-2163,ORD-4281,SKU-25,351.67,10,4/16/2024,North,Delivered,7,2215.521
SALE-2164,ORD-4285,SKU-409,94.82,10,8/18/2024,South,Delivered,88,7509.744
SALE-2166,ORD-4289,SKU-555,115.88,5,9/9/2024,North,Delivered,70,7706.02
SALE-2168,ORD-4291,SKU-535,353.05,0,11/19/2024,West,Delivered,45,15887.25
SALE-2169,ORD-4294,SKU-605,494.91,15,10/9/2024,North,Delivered,71,29867.8185
SALE-2170,ORD-4295,SKU-34,356.56,5,4/22/2024,South,Delivered,80,27098.56
SALE-2171,ORD-4297,SKU-757,81.87,5,5/27/2024,North,Delivered,33,2566.6245
SALE-2172,ORD-4301,SKU-447,415.7,15,12/8/2024,East,Delivered,60,21200.7
SALE-2174,ORD-4306,SKU-425,257.94,10,1/5/2024,West,Delivered,31,7196.526
SALE-2175,ORD-4309,SKU-57,385.66,15,11/18/2024,South,Delivered,43,14095.873
SALE-2176,ORD-4310,SKU-383,56.83,0,12/10/2024,West,Delivered,9,511.47
SALE-2178,ORD-4312,SKU-246,49.72,20,4/3/2024,North,Delivered,40,1591.04
SALE-2179,ORD-4313,SKU-93,751.3,10,11/1/2024,West,Delivered,78,52741.26
SALE-2181,ORD-4318,SKU-821,602.62,0,7/31/2024,South,Delivered,33,19886.46
SALE-2182,ORD-4320,SKU-264,236.08,5,9/26/2024,North,Delivered,65,14577.94
SALE-2183,ORD-4321,SKU-45,520.2,10,3/6/2024,West,Delivered,13,6086.34
SALE-2185,ORD-4329,SKU-667,283.44,5,5/24/2024,West,Delivered,28,7539.504
SALE-2186,ORD-4331,SKU-520,47.53,5,3/15/2024,East,Delivered,11,496.6885
SALE-2187,ORD-4334,SKU-1,499.21,10,9/29/2024,North,Delivered,72,32348.808
SALE-2192,ORD-4341,SKU-458,635.2,20,8/9/2024,South,Delivered,25,12704
SALE-2193,ORD-4343,SKU-956,482.63,10,11/25/2024,West,Delivered,17,7384.239
SALE-2196,ORD-4350,SKU-614,393.05,0,8/15/2024,East,Delivered,36,14149.8
SALE-2197,ORD-4354,SKU-164,217.69,10,9/17/2024,South,Delivered,79,15477.759
SALE-2198,ORD-4356,SKU-453,637.49,15,10/29/2024,West,Delivered,45,24383.9925
SALE-2201,ORD-4363,SKU-1000,549.81,10,5/19/2024,North,Delivered,31,15339.699
SALE-2204,ORD-4369,SKU-103,592.29,10,7/3/2024,North,Delivered,65,34648.965
SALE-2206,ORD-4372,SKU-643,365.6,5,8/9/2024,North,Delivered,2,694.64
SALE-2210,ORD-4381,SKU-993,664.2,20,11/2/2024,East,Delivered,74,39320.64
SALE-2216,ORD-4402,SKU-135,184.6,5,4/30/2024,East,Delivered,92,16134.04
SALE-2217,ORD-4403,SKU-21,330.38,10,6/9/2024,West,Delivered,79,23490.018
SALE-2219,ORD-4405,SKU-984,310.16,0,7/8/2024,East,Delivered,31,9614.96
SALE-2221,ORD-4412,SKU-43,56.11,0,12/10/2024,South,Delivered,69,3871.59
SALE-2225,ORD-4418,SKU-512,545.9,15,3/10/2024,West,Delivered,54,25056.81
SALE-2226,ORD-4419,SKU-427,57.47,20,3/9/2024,West,Delivered,73,3356.248
SALE-2228,ORD-4422,SKU-138,436.39,15,6/18/2024,East,Delivered,4,1483.726
SALE-2229,ORD-4425,SKU-302,801.29,15,10/18/2024,South,Delivered,58,39503.597
SALE-2230,ORD-4427,SKU-573,454.1,15,2/15/2024,South,Delivered,70,27018.95
SALE-2232,ORD-4430,SKU-31,283.39,10,5/6/2024,North,Delivered,60,15303.06
SALE-2233,ORD-4434,SKU-976,85.91,5,11/28/2024,North,Delivered,90,7345.305
SALE-2234,ORD-4435,SKU-833,300.13,10,1/31/2024,South,Delivered,45,12155.265
SALE-2235,ORD-4436,SKU-807,234.34,15,12/4/2024,North,Delivered,12,2390.268
SALE-2236,ORD-4439,SKU-195,256.72,15,3/21/2024,North,Delivered,54,11783.448
SALE-2237,ORD-4443,SKU-234,200.33,5,2/9/2024,East,Delivered,83,15796.0205
SALE-2238,ORD-4444,SKU-399,89.55,0,12/2/2024,East,Delivered,86,7701.3
SALE-2239,ORD-4445,SKU-118,217.44,15,12/16/2024,North,Delivered,88,16264.512
SALE-2240,ORD-4447,SKU-162,672.81,0,9/28/2024,North,Delivered,13,8746.53
SALE-2241,ORD-4448,SKU-494,859.61,15,8/1/2024,West,Delivered,23,16805.3755
SALE-2244,ORD-4454,SKU-11,268.24,15,12/5/2024,West,Delivered,39,8892.156
SALE-2249,ORD-4466,SKU-309,603.35,20,11/27/2024,South,Delivered,15,7240.2
SALE-2250,ORD-4468,SKU-69,374.55,0,10/5/2024,West,Delivered,35,13109.25
SALE-2251,ORD-4469,SKU-533,725.88,10,2/26/2024,South,Delivered,42,27438.264
SALE-2255,ORD-4476,SKU-980,362.22,15,6/11/2024,East,Delivered,92,28325.604
SALE-2256,ORD-4478,SKU-146,153.36,10,11/4/2024,South,Delivered,64,8833.536
SALE-2258,ORD-4480,SKU-914,176.28,20,4/8/2024,South,Delivered,43,6064.032
SALE-2259,ORD-4481,SKU-655,548.35,0,12/24/2024,North,Delivered,20,10967
SALE-2266,ORD-4497,SKU-355,16.72,10,2/9/2024,North,Delivered,30,451.44
SALE-2267,ORD-4499,SKU-721,53.25,0,1/24/2024,East,Delivered,8,426
SALE-2268,ORD-4500,SKU-391,300.96,20,2/10/2024,North,Delivered,42,10112.256
SALE-2271,ORD-4507,SKU-96,103.64,0,5/17/2024,South,Delivered,53,5492.92
SALE-2273,ORD-4510,SKU-30,755.15,5,5/8/2024,East,Delivered,12,8608.71
SALE-2275,ORD-4514,SKU-712,572.53,10,7/24/2024,East,Delivered,53,27309.681
SALE-2276,ORD-4515,SKU-793,124.91,0,1/15/2024,East,Delivered,79,9867.89
SALE-2277,ORD-4518,SKU-648,708.26,10,7/3/2024,East,Delivered,67,42708.078
SALE-2281,ORD-4527,SKU-978,666.57,5,9/24/2024,West,Delivered,32,20263.728
SALE-2282,ORD-4530,SKU-743,600.45,20,3/25/2024,North,Delivered,82,39389.52
SALE-2284,ORD-4533,SKU-282,94.52,20,2/26/2024,East,Delivered,56,4234.496
SALE-2285,ORD-4534,SKU-49,630.65,15,7/20/2024,South,Delivered,16,8576.84
SALE-2286,ORD-4535,SKU-776,440.41,10,6/27/2024,West,Delivered,82,32502.258
SALE-2287,ORD-4537,SKU-915,823.25,20,12/15/2024,West,Delivered,59,38857.4
SALE-2289,ORD-4540,SKU-326,341.39,15,9/14/2024,South,Delivered,27,7834.9005
SALE-2290,ORD-4541,SKU-942,287.78,15,9/9/2024,West,Delivered,42,10273.746
SALE-2291,ORD-4543,SKU-154,57.52,10,9/20/2024,North,Delivered,74,3830.832
SALE-2292,ORD-4545,SKU-205,301.25,0,12/23/2024,North,Delivered,98,29522.5
SALE-2295,ORD-4550,SKU-727,532.77,0,12/2/2024,South,Delivered,50,26638.5
SALE-2297,ORD-4554,SKU-224,54.42,0,1/13/2024,North,Delivered,89,4843.38
SALE-2298,ORD-4555,SKU-408,290.34,15,8/2/2024,West,Delivered,68,16781.652
SALE-2299,ORD-4557,SKU-178,511.34,0,1/20/2024,West,Delivered,45,23010.3
SALE-2300,ORD-4558,SKU-638,728.14,10,7/9/2024,West,Delivered,72,47183.472
SALE-2301,ORD-4559,SKU-809,202.65,0,7/25/2024,North,Delivered,51,10335.15
SALE-2304,ORD-4563,SKU-735,741.84,20,6/9/2024,South,Delivered,51,30267.072
SALE-2305,ORD-4564,SKU-667,283.44,10,3/15/2024,East,Delivered,14,3571.344
SALE-2307,ORD-4568,SKU-208,284.33,5,7/25/2024,South,Delivered,26,7022.951
SALE-2309,ORD-4572,SKU-254,386.25,15,7/8/2024,South,Delivered,36,11819.25
SALE-2310,ORD-4584,SKU-859,491.27,0,8/8/2024,North,Delivered,33,16211.91
SALE-2312,ORD-4586,SKU-302,801.29,10,3/27/2024,North,Delivered,9,6490.449
SALE-2313,ORD-4587,SKU-381,694.64,5,7/29/2024,South,Delivered,70,46193.56
SALE-2315,ORD-4590,SKU-672,189.35,20,12/10/2024,South,Delivered,35,5301.8
SALE-2316,ORD-4592,SKU-907,402.93,10,6/27/2024,North,Delivered,57,20670.309
SALE-2318,ORD-4594,SKU-159,411.92,10,2/5/2024,North,Delivered,84,31141.152
SALE-2319,ORD-4595,SKU-82,420.36,10,7/20/2024,South,Delivered,19,7188.156
SALE-2320,ORD-4597,SKU-13,322.01,15,3/1/2024,South,Delivered,96,26276.016
SALE-2321,ORD-4598,SKU-638,728.14,20,12/12/2024,West,Delivered,54,31455.648
SALE-2325,ORD-4608,SKU-330,368.65,5,1/22/2024,West,Delivered,35,12257.6125
SALE-2326,ORD-4609,SKU-478,278.07,0,6/3/2024,West,Delivered,14,3892.98
SALE-2327,ORD-4615,SKU-251,377.03,5,4/13/2024,East,Delivered,87,31161.5295
SALE-2328,ORD-4617,SKU-135,184.6,5,8/11/2024,South,Delivered,96,16835.52
SALE-2329,ORD-4620,SKU-281,668.37,15,4/9/2024,South,Delivered,56,31814.412
SALE-2331,ORD-4624,SKU-300,96.95,0,3/18/2024,South,Delivered,99,9598.05
SALE-2338,ORD-4638,SKU-890,394.76,5,12/21/2024,North,Delivered,48,18001.056
SALE-2339,ORD-4639,SKU-904,310.32,0,11/13/2024,East,Delivered,71,22032.72
SALE-2342,ORD-4643,SKU-119,760.21,5,5/27/2024,South,Delivered,47,33943.3765
SALE-2343,ORD-4646,SKU-700,38.55,20,12/14/2024,South,Delivered,86,2652.24
SALE-2345,ORD-4651,SKU-321,56.14,5,12/4/2024,South,Delivered,78,4159.974
SALE-2348,ORD-4662,SKU-216,51.26,15,1/9/2024,North,Delivered,87,3790.677
SALE-2349,ORD-4666,SKU-655,548.35,10,8/25/2024,South,Delivered,99,48857.985
SALE-2350,ORD-4669,SKU-612,710.4,15,9/23/2024,North,Delivered,70,42268.8
SALE-2352,ORD-4672,SKU-281,668.37,20,5/1/2024,East,Delivered,7,3742.872
SALE-2353,ORD-4673,SKU-189,487.51,15,1/8/2024,North,Delivered,51,21133.5585
SALE-2355,ORD-4677,SKU-472,431.16,15,12/15/2024,East,Delivered,14,5130.804
SALE-2358,ORD-4686,SKU-759,376.39,15,10/16/2024,East,Delivered,73,23354.9995
SALE-2359,ORD-4687,SKU-78,234.56,0,11/3/2024,West,Delivered,21,4925.76
SALE-2361,ORD-4690,SKU-566,360.29,0,11/6/2024,South,Delivered,13,4683.77
SALE-2362,ORD-4691,SKU-501,600.44,0,10/14/2024,South,Delivered,95,57041.8
SALE-2363,ORD-4692,SKU-149,411.51,5,5/31/2024,North,Delivered,47,18373.9215
SALE-2364,ORD-4699,SKU-948,350.3,0,11/17/2024,East,Delivered,90,31527
SALE-2365,ORD-4701,SKU-526,597.05,15,5/7/2024,North,Delivered,58,29434.565
SALE-2366,ORD-4703,SKU-731,296.95,5,4/24/2024,South,Delivered,66,18618.765
SALE-2367,ORD-4704,SKU-767,740.96,20,5/12/2024,East,Delivered,66,39122.688
SALE-2370,ORD-4708,SKU-189,487.51,15,4/26/2024,South,Delivered,66,27349.311
SALE-2371,ORD-4710,SKU-574,190.26,0,6/12/2024,North,Delivered,61,11605.86
SALE-2373,ORD-4716,SKU-154,57.52,10,12/1/2024,North,Delivered,62,3209.616
SALE-2374,ORD-4719,SKU-958,389.03,20,8/22/2024,North,Delivered,63,19607.112
SALE-2379,ORD-4728,SKU-426,375.39,5,5/22/2024,North,Delivered,80,28529.64
SALE-2384,ORD-4737,SKU-923,288.26,15,3/9/2024,West,Delivered,13,3185.273
SALE-2385,ORD-4739,SKU-463,790.38,20,7/30/2024,South,Delivered,63,39835.152
SALE-2386,ORD-4741,SKU-596,457.22,5,11/19/2024,South,Delivered,81,35183.079
SALE-2388,ORD-4744,SKU-109,681.45,0,6/23/2024,South,Delivered,12,8177.4
SALE-2389,ORD-4751,SKU-747,646.69,15,10/23/2024,South,Delivered,75,41226.4875
SALE-2391,ORD-4757,SKU-219,609.14,5,1/9/2024,West,Delivered,23,13309.709
SALE-2392,ORD-4762,SKU-651,360.11,0,2/16/2024,East,Delivered,77,27728.47
SALE-2393,ORD-4763,SKU-717,67.76,20,1/14/2024,South,Delivered,71,3848.768
SALE-2394,ORD-4764,SKU-521,588.83,5,5/12/2024,North,Delivered,55,30766.3675
SALE-2397,ORD-4770,SKU-87,487.55,10,10/8/2024,West,Delivered,36,15796.62
SALE-2401,ORD-4777,SKU-890,394.76,5,6/6/2024,West,Delivered,8,3000.176
SALE-2402,ORD-4780,SKU-656,343.04,5,5/23/2024,East,Delivered,74,24115.712
SALE-2407,ORD-4786,SKU-637,673.31,0,10/7/2024,South,Delivered,61,41071.91
SALE-2408,ORD-4787,SKU-971,136.19,10,9/11/2024,South,Delivered,42,5147.982
SALE-2409,ORD-4788,SKU-838,601.03,0,9/13/2024,North,Delivered,49,29450.47
SALE-2410,ORD-4789,SKU-626,246.69,0,7/4/2024,North,Delivered,13,3206.97
SALE-2411,ORD-4792,SKU-503,490.93,15,9/8/2024,North,Delivered,98,40894.469
SALE-2413,ORD-4796,SKU-978,666.57,5,12/26/2024,East,Delivered,56,35461.524
SALE-2416,ORD-4801,SKU-9,32.33,15,3/21/2024,South,Delivered,3,82.4415
SALE-2417,ORD-4802,SKU-448,198.54,20,8/8/2024,East,Delivered,15,2382.48
SALE-2418,ORD-4803,SKU-439,552.95,15,8/18/2024,East,Delivered,54,25380.405
SALE-2419,ORD-4807,SKU-862,85.16,10,5/13/2024,East,Delivered,59,4521.996
SALE-2420,ORD-4810,SKU-825,19.36,0,9/16/2024,West,Delivered,12,232.32
SALE-2424,ORD-4822,SKU-380,17.64,15,8/22/2024,North,Delivered,27,404.838
SALE-2426,ORD-4825,SKU-841,100.16,0,8/21/2024,North,Delivered,8,801.28
SALE-2431,ORD-4843,SKU-453,637.49,20,11/21/2024,West,Delivered,16,8159.872
SALE-2432,ORD-4847,SKU-629,712.24,5,5/21/2024,South,Delivered,97,65632.916
SALE-2433,ORD-4848,SKU-555,115.88,15,6/5/2024,West,Delivered,51,5023.398
SALE-2435,ORD-4850,SKU-482,293.02,5,2/11/2024,South,Delivered,1,278.369
SALE-2438,ORD-4854,SKU-121,54.44,0,5/12/2024,South,Delivered,81,4409.64
SALE-2439,ORD-4855,SKU-277,144.03,5,1/12/2024,South,Delivered,88,12040.908
SALE-2440,ORD-4856,SKU-383,56.83,10,6/26/2024,East,Delivered,96,4910.112
SALE-2441,ORD-4857,SKU-299,838.32,5,11/15/2024,East,Delivered,98,78047.592
SALE-2442,ORD-4858,SKU-219,609.14,15,6/1/2024,North,Delivered,65,33654.985
SALE-2443,ORD-4861,SKU-358,561.07,20,9/14/2024,North,Delivered,52,23340.512
SALE-2445,ORD-4864,SKU-412,124.51,10,1/18/2024,West,Delivered,42,4706.478
SALE-2447,ORD-4866,SKU-525,109.92,10,3/29/2024,East,Delivered,60,5935.68
SALE-2448,ORD-4867,SKU-500,162.34,20,6/27/2024,East,Delivered,63,8181.936
SALE-2449,ORD-4868,SKU-941,189.5,15,9/13/2024,West,Delivered,41,6604.075
SALE-2450,ORD-4870,SKU-458,635.2,15,6/9/2024,East,Delivered,37,19977.04
SALE-2455,ORD-4881,SKU-719,438.16,0,9/29/2024,West,Delivered,98,42939.68
SALE-2456,ORD-4883,SKU-92,190.51,5,2/11/2024,North,Delivered,35,6334.4575
SALE-2459,ORD-4886,SKU-583,357.07,0,12/22/2024,West,Delivered,81,28922.67
SALE-2460,ORD-4890,SKU-608,595.98,20,1/25/2024,West,Delivered,71,33851.664
SALE-2464,ORD-4894,SKU-147,112.45,20,7/11/2024,North,Delivered,30,2698.8
SALE-2465,ORD-4895,SKU-739,154.16,0,5/12/2024,East,Delivered,52,8016.32
SALE-2466,ORD-4896,SKU-509,265.42,20,11/5/2024,West,Delivered,72,15288.192
SALE-2469,ORD-4904,SKU-559,706.86,15,10/13/2024,North,Delivered,90,54074.79
SALE-2470,ORD-4905,SKU-426,375.39,0,10/17/2024,West,Delivered,80,30031.2
SALE-2472,ORD-4910,SKU-382,763.53,5,6/24/2024,West,Delivered,21,15232.4235
SALE-2475,ORD-4916,SKU-690,91.51,10,10/22/2024,East,Delivered,36,2964.924
SALE-2476,ORD-4917,SKU-179,390.36,10,8/30/2024,West,Delivered,55,19322.82
SALE-2477,ORD-4918,SKU-249,82.44,5,7/8/2024,West,Delivered,71,5560.578
SALE-2478,ORD-4922,SKU-199,294.04,10,9/22/2024,East,Delivered,17,4498.812
SALE-2480,ORD-4927,SKU-679,153.41,5,8/15/2024,South,Delivered,17,2477.5715
SALE-2481,ORD-4933,SKU-127,222.19,20,6/17/2024,West,Delivered,74,13153.648
SALE-2482,ORD-4935,SKU-385,477.62,10,9/29/2024,South,Delivered,94,40406.652
SALE-2484,ORD-4938,SKU-606,107.78,0,3/28/2024,West,Delivered,46,4957.88
SALE-2486,ORD-4943,SKU-937,626.27,20,3/28/2024,West,Delivered,21,10521.336
SALE-2487,ORD-4944,SKU-47,198.09,10,1/20/2024,South,Delivered,32,5704.992
SALE-2489,ORD-4946,SKU-760,88.1,0,8/21/2024,East,Delivered,38,3347.8
SALE-2490,ORD-4947,SKU-477,217.04,0,4/13/2024,East,Delivered,85,18448.4
SALE-2494,ORD-4954,SKU-803,839.8,0,8/19/2024,North,Delivered,13,10917.4
SALE-2495,ORD-4955,SKU-552,118.45,15,7/15/2024,North,Delivered,29,2919.7925
SALE-2496,ORD-4956,SKU-380,17.64,15,4/2/2024,East,Delivered,38,569.772
SALE-2497,ORD-4957,SKU-917,380.39,5,2/27/2024,West,Delivered,50,18068.525
SALE-2498,ORD-4958,SKU-906,231.62,10,1/13/2024,South,Delivered,5,1042.29
SALE-2500,ORD-4961,SKU-981,543.27,15,7/4/2024,East,Delivered,86,39713.037
SALE-2501,ORD-4963,SKU-809,202.65,15,3/17/2024,East,Delivered,7,1205.7675
SALE-2506,ORD-4974,SKU-983,81.04,10,2/12/2024,South,Delivered,67,4886.712
SALE-2511,ORD-4986,SKU-982,386.27,0,12/5/2024,West,Delivered,16,6180.32
SALE-2513,ORD-4988,SKU-375,619.18,15,3/29/2024,West,Delivered,55,28946.665
SALE-2515,ORD-4995,SKU-531,547.9,10,7/31/2024,South,Delivered,33,16272.63
SALE-2516,ORD-4996,SKU-671,43.05,5,2/5/2024,South,Delivered,89,3639.8775
SALE-2519,ORD-5003,SKU-167,37.9,0,5/10/2024,East,Delivered,65,2463.5
SALE-2520,ORD-5007,SKU-33,43.28,0,2/6/2024,East,Delivered,23,995.44
SALE-2521,ORD-5008,SKU-169,469.64,15,10/9/2024,West,Delivered,5,1995.97
SALE-2524,ORD-5012,SKU-608,595.98,5,11/9/2024,East,Delivered,85,48125.385
SALE-2525,ORD-5013,SKU-891,679.52,10,2/19/2024,East,Delivered,78,47702.304
SALE-2526,ORD-5016,SKU-351,104.65,0,1/29/2024,East,Delivered,57,5965.05
SALE-2527,ORD-5020,SKU-371,284.25,0,7/8/2024,South,Delivered,39,11085.75
SALE-2528,ORD-5024,SKU-646,696.8,10,3/24/2024,West,Delivered,41,25711.92
SALE-2531,ORD-5033,SKU-853,717.95,10,3/5/2024,North,Delivered,96,62030.88
SALE-2533,ORD-5045,SKU-995,247.15,0,7/19/2024,West,Delivered,25,6178.75
SALE-2534,ORD-5046,SKU-748,419.68,5,9/8/2024,North,Delivered,63,25117.848
SALE-2536,ORD-5052,SKU-726,49.53,0,5/19/2024,East,Delivered,14,693.42
SALE-2539,ORD-5063,SKU-344,36.59,15,9/27/2024,South,Delivered,1,31.1015
SALE-2541,ORD-5065,SKU-724,164.81,0,1/14/2024,West,Delivered,67,11042.27
SALE-2545,ORD-5073,SKU-884,240.85,20,3/8/2024,East,Delivered,93,17919.24
SALE-2547,ORD-5075,SKU-945,214.81,20,2/11/2024,North,Delivered,9,1546.632
SALE-2549,ORD-5078,SKU-919,773.12,10,5/11/2024,West,Delivered,59,41052.672
SALE-2554,ORD-5086,SKU-80,472.45,10,2/1/2024,North,Delivered,21,8929.305
SALE-2555,ORD-5087,SKU-130,569.16,15,12/20/2024,East,Delivered,83,40154.238
SALE-2556,ORD-5088,SKU-75,562.52,5,6/11/2024,South,Delivered,6,3206.364
SALE-2558,ORD-5091,SKU-276,251.27,5,8/6/2024,West,Delivered,88,21006.172
SALE-2559,ORD-5092,SKU-435,470.22,5,6/16/2024,North,Delivered,48,21442.032
SALE-2560,ORD-5096,SKU-675,820.2,20,7/25/2024,West,Delivered,67,43962.72
SALE-2561,ORD-5097,SKU-544,514.8,0,12/10/2024,North,Delivered,54,27799.2
SALE-2562,ORD-5100,SKU-365,325.42,10,11/6/2024,North,Delivered,62,18158.436
SALE-2563,ORD-5101,SKU-300,96.95,10,11/23/2024,South,Delivered,87,7591.185
SALE-2565,ORD-5103,SKU-255,316.37,15,11/17/2024,East,Delivered,40,10756.58
SALE-2566,ORD-5104,SKU-504,341.37,5,3/27/2024,North,Delivered,16,5188.824
SALE-2567,ORD-5105,SKU-61,262.95,15,6/14/2024,East,Delivered,80,17880.6
SALE-2568,ORD-5107,SKU-947,457.46,5,6/18/2024,North,Delivered,54,23467.698
SALE-2573,ORD-5116,SKU-996,359.49,15,10/3/2024,South,Delivered,66,20167.389
SALE-2574,ORD-5117,SKU-536,256.68,15,3/16/2024,East,Delivered,63,13745.214
SALE-2578,ORD-5125,SKU-489,178.61,10,5/7/2024,North,Delivered,28,4500.972
SALE-2579,ORD-5126,SKU-172,474.29,15,11/22/2024,West,Delivered,14,5644.051
SALE-2584,ORD-5135,SKU-900,649.6,20,3/14/2024,South,Delivered,7,3637.76
SALE-2587,ORD-5140,SKU-294,326.11,20,10/12/2024,South,Delivered,58,15131.504
SALE-2588,ORD-5141,SKU-371,284.25,0,5/30/2024,North,Delivered,74,21034.5
SALE-2590,ORD-5146,SKU-11,268.24,5,1/8/2024,West,Delivered,68,17328.304
SALE-2594,ORD-5155,SKU-309,603.35,15,9/2/2024,South,Delivered,2,1025.695
SALE-2595,ORD-5156,SKU-260,584.03,10,1/29/2024,North,Delivered,55,28909.485
SALE-2598,ORD-5163,SKU-496,702.65,20,5/14/2024,South,Delivered,21,11804.52
SALE-2599,ORD-5164,SKU-455,253.82,15,9/4/2024,South,Delivered,70,15102.29
SALE-2600,ORD-5167,SKU-642,597.03,15,1/22/2024,North,Delivered,88,44657.844
SALE-2601,ORD-5168,SKU-554,100.25,0,8/6/2024,South,Delivered,13,1303.25
SALE-2602,ORD-5170,SKU-57,385.66,5,12/4/2024,North,Delivered,29,10624.933
SALE-2603,ORD-5172,SKU-642,597.03,15,8/9/2024,West,Delivered,95,48210.1725
SALE-2604,ORD-5177,SKU-475,356.87,0,7/25/2024,East,Delivered,39,13917.93
SALE-2609,ORD-5188,SKU-578,388.55,5,9/5/2024,North,Delivered,73,26945.9425
SALE-2610,ORD-5190,SKU-691,174.34,10,11/24/2024,North,Delivered,50,7845.3
SALE-2611,ORD-5191,SKU-145,690.42,0,6/23/2024,North,Delivered,72,49710.24
SALE-2612,ORD-5194,SKU-475,356.87,10,9/27/2024,East,Delivered,73,23446.359
SALE-2614,ORD-5196,SKU-734,198.79,10,10/23/2024,South,Delivered,62,11092.482
SALE-2616,ORD-5199,SKU-389,645.43,10,10/8/2024,North,Delivered,53,30787.011
SALE-2617,ORD-5201,SKU-865,43.05,20,11/11/2024,North,Delivered,48,1653.12
SALE-2620,ORD-5204,SKU-826,137.7,15,5/5/2024,North,Delivered,98,11470.41
SALE-2621,ORD-5207,SKU-638,728.14,20,5/10/2024,West,Delivered,100,58251.2
SALE-2623,ORD-5215,SKU-367,640.42,15,7/27/2024,East,Delivered,78,42459.846
SALE-2624,ORD-5218,SKU-938,353.89,5,12/15/2024,South,Delivered,83,27904.2265
SALE-2626,ORD-5223,SKU-888,170.96,0,9/18/2024,East,Delivered,6,1025.76
SALE-2629,ORD-5233,SKU-336,646.65,10,5/13/2024,East,Delivered,89,51796.665
SALE-2631,ORD-5238,SKU-756,688.2,0,10/13/2024,North,Delivered,80,55056
SALE-2632,ORD-5239,SKU-714,388.15,15,8/3/2024,South,Delivered,39,12867.1725
SALE-2637,ORD-5249,SKU-875,482.96,0,5/4/2024,East,Delivered,16,7727.36
SALE-2639,ORD-5252,SKU-360,457.35,5,2/10/2024,South,Delivered,49,21289.6425
SALE-2640,ORD-5255,SKU-459,650.49,10,9/7/2024,East,Delivered,55,32199.255
SALE-2647,ORD-5267,SKU-905,49.42,10,4/27/2024,North,Delivered,76,3380.328
SALE-2648,ORD-5268,SKU-6,530.92,20,6/21/2024,East,Delivered,95,40349.92
SALE-2654,ORD-5276,SKU-291,503.32,5,1/15/2024,East,Delivered,46,21995.084
SALE-2655,ORD-5278,SKU-856,26.55,5,3/17/2024,West,Delivered,68,1715.13
SALE-2658,ORD-5284,SKU-693,180.82,5,10/5/2024,West,Delivered,10,1717.79
SALE-2659,ORD-5286,SKU-541,152.82,0,11/15/2024,North,Delivered,59,9016.38
SALE-2660,ORD-5287,SKU-207,559.21,5,6/1/2024,West,Delivered,12,6374.994
SALE-2662,ORD-5290,SKU-793,124.91,5,12/13/2024,North,Delivered,39,4627.9155
SALE-2663,ORD-5293,SKU-36,196.63,0,2/8/2024,East,Delivered,74,14550.62
SALE-2664,ORD-5296,SKU-213,554.12,0,7/1/2024,East,Delivered,50,27706
SALE-2665,ORD-5300,SKU-389,645.43,0,3/2/2024,North,Delivered,4,2581.72
SALE-2667,ORD-5303,SKU-15,196.68,20,3/16/2024,West,Delivered,71,11171.424
SALE-2669,ORD-5306,SKU-252,445.78,5,11/26/2024,North,Delivered,5,2117.455
SALE-2672,ORD-5312,SKU-436,485.65,15,12/17/2024,North,Delivered,82,33849.805
SALE-2677,ORD-5322,SKU-529,53.57,0,5/13/2024,South,Delivered,80,4285.6
SALE-2679,ORD-5325,SKU-571,143.8,0,9/30/2024,West,Delivered,24,3451.2
SALE-2680,ORD-5327,SKU-771,526.6,0,10/3/2024,West,Delivered,50,26330
SALE-2683,ORD-5333,SKU-329,167.95,10,3/29/2024,South,Delivered,70,10580.85
SALE-2686,ORD-5340,SKU-874,166.97,20,8/24/2024,North,Delivered,8,1068.608
SALE-2690,ORD-5351,SKU-628,566.78,10,3/20/2024,West,Delivered,1,510.102
SALE-2695,ORD-5359,SKU-849,267.17,5,7/10/2024,South,Delivered,75,19035.8625
SALE-2699,ORD-5367,SKU-447,415.7,10,9/3/2024,West,Delivered,3,1122.39
SALE-2702,ORD-5372,SKU-780,781.47,20,1/15/2024,North,Delivered,14,8752.464
SALE-2704,ORD-5376,SKU-626,246.69,5,10/30/2024,West,Delivered,16,3749.688
SALE-2705,ORD-5378,SKU-225,131.87,5,9/12/2024,West,Delivered,75,9395.7375
SALE-2708,ORD-5385,SKU-823,53.26,10,3/8/2024,South,Delivered,67,3211.578
SALE-2709,ORD-5386,SKU-110,495.92,5,3/26/2024,East,Delivered,37,17431.588
SALE-2711,ORD-5388,SKU-202,595.96,0,12/27/2024,West,Delivered,48,28606.08
SALE-2715,ORD-5401,SKU-616,815.03,20,7/29/2024,North,Delivered,77,50205.848
SALE-2716,ORD-5403,SKU-355,16.72,10,1/23/2024,East,Delivered,67,1008.216
SALE-2720,ORD-5410,SKU-906,231.62,0,1/21/2024,North,Delivered,21,4864.02
SALE-2724,ORD-5415,SKU-559,706.86,10,8/31/2024,East,Delivered,27,17176.698
SALE-2726,ORD-5418,SKU-675,820.2,5,11/6/2024,North,Delivered,76,59218.44
SALE-2727,ORD-5419,SKU-70,219.51,10,3/31/2024,West,Delivered,9,1778.031
SALE-2728,ORD-5422,SKU-927,295.55,10,2/27/2024,East,Delivered,62,16491.69
SALE-2729,ORD-5425,SKU-85,520.55,5,7/20/2024,West,Delivered,17,8406.8825
SALE-2730,ORD-5426,SKU-652,143.95,0,7/31/2024,West,Delivered,74,10652.3
SALE-2731,ORD-5427,SKU-88,373.8,5,11/10/2024,West,Delivered,11,3906.21
SALE-2732,ORD-5429,SKU-27,354.65,10,4/20/2024,East,Delivered,63,20108.655
SALE-2737,ORD-5442,SKU-482,293.02,20,12/10/2024,North,Delivered,71,16643.536
SALE-2738,ORD-5443,SKU-693,180.82,0,6/6/2024,East,Delivered,86,15550.52
SALE-2739,ORD-5447,SKU-836,724.7,15,10/1/2024,South,Delivered,14,8623.93
SALE-2741,ORD-5449,SKU-931,613.7,15,4/8/2024,South,Delivered,52,27125.54
SALE-2744,ORD-5456,SKU-796,558.25,15,6/25/2024,South,Delivered,51,24200.1375
SALE-2745,ORD-5457,SKU-525,109.92,10,12/17/2024,West,Delivered,89,8804.592
SALE-2746,ORD-5459,SKU-915,823.25,15,3/12/2024,West,Delivered,23,16094.5375
SALE-2747,ORD-5460,SKU-865,43.05,15,10/26/2024,East,Delivered,66,2415.105
SALE-2751,ORD-5474,SKU-617,281.12,15,2/6/2024,North,Delivered,34,8124.368
SALE-2752,ORD-5475,SKU-980,362.22,20,4/25/2024,West,Delivered,41,11880.816
SALE-2753,ORD-5477,SKU-416,364.91,0,4/8/2024,West,Delivered,17,6203.47
SALE-2756,ORD-5484,SKU-882,142.73,0,8/7/2024,West,Delivered,87,12417.51
SALE-2757,ORD-5488,SKU-465,622.93,10,3/4/2024,South,Delivered,92,51578.604
SALE-2758,ORD-5491,SKU-822,225.88,20,8/29/2024,South,Delivered,49,8854.496
SALE-2759,ORD-5492,SKU-643,365.6,10,5/18/2024,West,Delivered,65,21387.6
SALE-2762,ORD-5503,SKU-199,294.04,0,9/21/2024,East,Delivered,50,14702
SALE-2763,ORD-5506,SKU-633,785.24,20,4/16/2024,North,Delivered,89,55909.088
SALE-2768,ORD-5520,SKU-804,175.01,15,8/23/2024,South,Delivered,32,4760.272
SALE-2769,ORD-5522,SKU-206,601.78,20,9/6/2024,South,Delivered,72,34662.528
SALE-2770,ORD-5524,SKU-518,583.29,15,8/23/2024,North,Delivered,43,21319.2495
SALE-2772,ORD-5528,SKU-24,235.66,15,11/29/2024,North,Delivered,30,6009.33
SALE-2774,ORD-5532,SKU-37,18.75,0,3/22/2024,South,Delivered,31,581.25
SALE-2775,ORD-5534,SKU-30,755.15,20,6/29/2024,East,Delivered,52,31414.24
SALE-2778,ORD-5540,SKU-780,781.47,0,1/25/2024,East,Delivered,19,14847.93
SALE-2781,ORD-5543,SKU-222,672.05,10,12/14/2024,West,Delivered,59,35685.855
SALE-2788,ORD-5551,SKU-496,702.65,10,4/14/2024,West,Delivered,28,17706.78
SALE-2789,ORD-5554,SKU-807,234.34,0,7/14/2024,South,Delivered,65,15232.1
SALE-2790,ORD-5555,SKU-705,650.94,0,7/1/2024,South,Delivered,41,26688.54
SALE-2793,ORD-5559,SKU-705,650.94,10,10/22/2024,East,Delivered,75,43938.45
SALE-2794,ORD-5560,SKU-359,410.74,5,4/26/2024,West,Delivered,55,21461.165
SALE-2795,ORD-5561,SKU-669,826.92,5,7/9/2024,South,Delivered,31,24352.794
SALE-2796,ORD-5563,SKU-261,277.55,15,8/5/2024,East,Delivered,43,10144.4525
SALE-2800,ORD-5572,SKU-779,743.59,15,1/3/2024,North,Delivered,91,57516.6865
SALE-2806,ORD-5581,SKU-692,533.58,20,8/27/2024,West,Delivered,70,29880.48
SALE-2807,ORD-5585,SKU-626,246.69,5,5/23/2024,West,Delivered,43,10077.2865
SALE-2808,ORD-5586,SKU-748,419.68,0,2/12/2024,South,Delivered,80,33574.4
SALE-2809,ORD-5588,SKU-501,600.44,5,6/22/2024,North,Delivered,90,51337.62
SALE-2812,ORD-5594,SKU-3,416.65,0,9/16/2024,South,Delivered,80,33332
SALE-2813,ORD-5598,SKU-598,65.57,10,7/16/2024,East,Delivered,77,4544.001
SALE-2814,ORD-5599,SKU-119,760.21,20,8/24/2024,North,Delivered,37,22502.216
SALE-2815,ORD-5601,SKU-13,322.01,5,11/1/2024,South,Delivered,71,21719.5745
SALE-2820,ORD-5610,SKU-717,67.76,15,4/25/2024,South,Delivered,93,5356.428
SALE-2824,ORD-5616,SKU-415,479.01,15,2/26/2024,West,Delivered,48,19543.608
SALE-2825,ORD-5618,SKU-434,169.69,10,2/17/2024,West,Delivered,39,5956.119
SALE-2826,ORD-5619,SKU-14,385.14,5,11/28/2024,South,Delivered,62,22684.746
SALE-2828,ORD-5622,SKU-65,193.09,5,8/23/2024,East,Delivered,23,4219.0165
SALE-2831,ORD-5625,SKU-280,653.73,5,11/9/2024,West,Delivered,12,7452.522
SALE-2832,ORD-5626,SKU-186,750.5,10,12/16/2024,North,Delivered,39,26342.55
SALE-2833,ORD-5627,SKU-655,548.35,5,11/12/2024,East,Delivered,68,35423.41
SALE-2838,ORD-5638,SKU-594,50.54,5,12/31/2024,South,Delivered,68,3264.884
SALE-2843,ORD-5648,SKU-332,447.28,10,5/1/2024,South,Delivered,8,3220.416
SALE-2845,ORD-5650,SKU-231,527.99,5,1/30/2024,South,Delivered,11,5517.4955
SALE-2846,ORD-5651,SKU-687,449.73,0,9/8/2024,West,Delivered,16,7195.68
SALE-2849,ORD-5660,SKU-435,470.22,0,9/23/2024,East,Delivered,62,29153.64
SALE-2850,ORD-5664,SKU-988,401.65,0,5/25/2024,West,Delivered,4,1606.6
SALE-2855,ORD-5678,SKU-117,574.93,5,2/29/2024,West,Delivered,13,7100.3855
SALE-2857,ORD-5681,SKU-229,246.78,0,4/5/2024,North,Delivered,18,4442.04
SALE-2858,ORD-5683,SKU-725,270.55,0,9/25/2024,North,Delivered,58,15691.9
SALE-2860,ORD-5685,SKU-933,61.1,5,2/6/2024,North,Delivered,37,2147.665
SALE-2861,ORD-5686,SKU-734,198.79,10,11/22/2024,South,Delivered,38,6798.618
SALE-2862,ORD-5689,SKU-695,469.03,15,11/12/2024,East,Delivered,24,9568.212
SALE-2864,ORD-5693,SKU-466,74.78,10,5/30/2024,West,Delivered,92,6191.784
SALE-2865,ORD-5696,SKU-825,19.36,0,6/15/2024,East,Delivered,31,600.16
SALE-2866,ORD-5700,SKU-340,12.45,5,6/28/2024,North,Delivered,42,496.755
SALE-2867,ORD-5702,SKU-270,702.17,20,12/16/2024,North,Delivered,71,39883.256
SALE-2868,ORD-5703,SKU-378,539.2,0,3/15/2024,East,Delivered,76,40979.2
SALE-2869,ORD-5705,SKU-583,357.07,10,10/29/2024,South,Delivered,53,17032.239
SALE-2870,ORD-5706,SKU-865,43.05,20,6/6/2024,South,Delivered,14,482.16
SALE-2872,ORD-5708,SKU-611,104.91,0,4/24/2024,West,Delivered,27,2832.57
SALE-2873,ORD-5712,SKU-607,275.28,0,12/21/2024,West,Delivered,22,6056.16
SALE-2874,ORD-5716,SKU-156,242.78,10,1/15/2024,East,Delivered,45,9832.59
SALE-2875,ORD-5717,SKU-902,216.09,0,2/21/2024,North,Delivered,41,8859.69
SALE-2876,ORD-5718,SKU-180,553.95,15,7/5/2024,West,Delivered,18,8475.435
SALE-2877,ORD-5719,SKU-100,822.74,5,11/20/2024,North,Delivered,78,60965.034
SALE-2879,ORD-5721,SKU-257,93.38,10,2/16/2024,East,Delivered,81,6807.402
SALE-2882,ORD-5725,SKU-586,293.26,10,12/28/2024,West,Delivered,45,11877.03
SALE-2883,ORD-5726,SKU-482,293.02,20,8/22/2024,South,Delivered,40,9376.64
SALE-2884,ORD-5736,SKU-358,561.07,15,8/22/2024,North,Delivered,19,9061.2805
SALE-2887,ORD-5743,SKU-640,339.05,0,9/19/2024,North,Delivered,77,26106.85
SALE-2888,ORD-5745,SKU-259,137.37,5,11/13/2024,West,Delivered,37,4828.5555
SALE-2890,ORD-5747,SKU-786,373.88,10,10/4/2024,North,Delivered,17,5720.364
SALE-2892,ORD-5750,SKU-833,300.13,10,12/13/2024,North,Delivered,67,18097.839
SALE-2895,ORD-5756,SKU-978,666.57,10,10/5/2024,North,Delivered,25,14997.825
SALE-2896,ORD-5758,SKU-589,111.58,5,2/19/2024,West,Delivered,89,9434.089
SALE-2897,ORD-5760,SKU-181,460.68,10,11/12/2024,West,Delivered,68,28193.616
SALE-2901,ORD-5768,SKU-66,364.95,20,10/12/2024,West,Delivered,12,3503.52
SALE-2903,ORD-5770,SKU-951,311.21,10,4/19/2024,East,Delivered,62,17365.518
SALE-2904,ORD-5772,SKU-270,702.17,5,12/15/2024,West,Delivered,52,34687.198
SALE-2912,ORD-5791,SKU-389,645.43,15,6/23/2024,North,Delivered,33,18104.3115
SALE-2913,ORD-5792,SKU-228,719.95,15,10/5/2024,South,Delivered,9,5507.6175
SALE-2914,ORD-5794,SKU-699,27.09,5,7/11/2024,West,Delivered,65,1672.8075
SALE-2916,ORD-5796,SKU-767,740.96,10,8/1/2024,South,Delivered,28,18672.192
SALE-2920,ORD-5801,SKU-965,257.44,0,3/19/2024,South,Delivered,93,23941.92
SALE-2921,ORD-5804,SKU-901,253.96,10,6/27/2024,North,Delivered,100,22856.4
SALE-2922,ORD-5806,SKU-791,387.04,5,3/31/2024,East,Delivered,83,30518.104
SALE-2923,ORD-5807,SKU-452,395.83,15,7/7/2024,South,Delivered,29,9757.2095
SALE-2925,ORD-5810,SKU-925,705.29,10,1/15/2024,West,Delivered,33,20947.113
SALE-2929,ORD-5817,SKU-915,823.25,15,6/10/2024,South,Delivered,37,25891.2125
SALE-2931,ORD-5820,SKU-296,261.46,10,10/8/2024,North,Delivered,94,22119.516
SALE-2932,ORD-5823,SKU-527,122.08,10,3/4/2024,West,Delivered,9,988.848
SALE-2935,ORD-5834,SKU-504,341.37,5,12/25/2024,South,Delivered,36,11674.854
SALE-2938,ORD-5838,SKU-205,301.25,15,6/14/2024,West,Delivered,86,22021.375
SALE-2939,ORD-5843,SKU-842,641.06,15,1/27/2024,North,Delivered,69,37598.169
SALE-2940,ORD-5844,SKU-205,301.25,15,3/3/2024,East,Delivered,65,16644.0625
SALE-2944,ORD-5848,SKU-785,546.88,5,11/26/2024,North,Delivered,47,24418.192
SALE-2945,ORD-5852,SKU-417,526.98,0,7/3/2024,North,Delivered,37,19498.26
SALE-2946,ORD-5856,SKU-346,406.02,10,5/5/2024,West,Delivered,92,33618.456
SALE-2947,ORD-5859,SKU-241,671.44,5,5/30/2024,North,Delivered,17,10843.756
SALE-2948,ORD-5861,SKU-864,299.74,5,1/18/2024,West,Delivered,67,19078.451
SALE-2952,ORD-5865,SKU-567,151.46,15,2/8/2024,East,Delivered,23,2961.043
SALE-2956,ORD-5873,SKU-106,555.06,15,11/29/2024,West,Delivered,14,6605.214
SALE-2957,ORD-5876,SKU-768,664.69,0,6/28/2024,North,Delivered,62,41210.78
SALE-2959,ORD-5882,SKU-469,100.09,0,5/3/2024,North,Delivered,85,8507.65
SALE-2960,ORD-5883,SKU-223,149.77,10,12/12/2024,East,Delivered,27,3639.411
SALE-2963,ORD-5894,SKU-903,418.34,0,3/1/2024,East,Delivered,73,30538.82
SALE-2965,ORD-5897,SKU-175,56.72,10,10/24/2024,West,Delivered,26,1327.248
SALE-2967,ORD-5901,SKU-242,57.82,20,4/10/2024,North,Delivered,89,4116.784
SALE-2968,ORD-5903,SKU-852,148.15,0,9/4/2024,North,Delivered,7,1037.05
SALE-2970,ORD-5905,SKU-609,607.75,20,4/3/2024,West,Delivered,77,37437.4
SALE-2973,ORD-5912,SKU-41,374.03,5,6/9/2024,South,Delivered,30,10659.855
SALE-2974,ORD-5913,SKU-467,81.15,5,11/4/2024,South,Delivered,64,4933.92
SALE-2977,ORD-5919,SKU-1000,549.81,5,10/10/2024,East,Delivered,56,29249.892
SALE-2979,ORD-5925,SKU-263,180.53,10,6/1/2024,East,Delivered,42,6824.034
SALE-2980,ORD-5930,SKU-278,376.57,10,12/17/2024,West,Delivered,75,25418.475
SALE-2982,ORD-5932,SKU-88,373.8,10,4/14/2024,North,Delivered,78,26240.76
SALE-2983,ORD-5936,SKU-415,479.01,15,2/7/2024,South,Delivered,78,31758.363
SALE-2984,ORD-5937,SKU-292,463.65,0,5/12/2024,East,Delivered,88,40801.2
SALE-2985,ORD-5940,SKU-93,751.3,0,3/14/2024,East,Delivered,87,65363.1
SALE-2986,ORD-5943,SKU-978,666.57,10,7/27/2024,South,Delivered,30,17997.39
SALE-2987,ORD-5945,SKU-789,185.65,15,3/5/2024,East,Delivered,45,7101.1125
SALE-2988,ORD-5946,SKU-150,373.5,15,12/22/2024,South,Delivered,81,25715.475
SALE-2989,ORD-5947,SKU-572,421.51,0,9/12/2024,North,Delivered,21,8851.71
SALE-2995,ORD-5958,SKU-304,228.94,10,12/7/2024,East,Delivered,26,5357.196
SALE-2996,ORD-5959,SKU-287,622.34,10,2/15/2024,North,Delivered,64,35846.784
SALE-2997,ORD-5962,SKU-29,20.67,15,4/20/2024,West,Delivered,24,421.668
SALE-2998,ORD-5964,SKU-11,268.24,10,4/3/2024,North,Delivered,60,14484.96
SALE-2999,ORD-5965,SKU-395,376.91,10,8/15/2024,West,Delivered,74,25102.206
SALE-3001,ORD-5970,SKU-458,635.2,15,1/1/2024,North,Delivered,77,41573.84
SALE-3002,ORD-5971,SKU-990,591.24,0,10/28/2024,South,Delivered,12,7094.88
SALE-3003,ORD-5973,SKU-925,705.29,10,6/1/2024,East,Delivered,23,14599.503
SALE-3004,ORD-5975,SKU-986,590.99,5,1/22/2024,West,Delivered,31,17404.6555
SALE-3005,ORD-5976,SKU-489,178.61,0,9/29/2024,West,Delivered,15,2679.15
SALE-3006,ORD-5977,SKU-957,602.46,15,10/29/2024,East,Delivered,35,17923.185
SALE-3009,ORD-5981,SKU-358,561.07,5,11/18/2024,South,Delivered,81,43174.3365
SALE-3014,ORD-5987,SKU-488,653.5,5,5/8/2024,North,Delivered,93,57736.725
SALE-3015,ORD-5988,SKU-924,371.1,5,3/8/2024,East,Delivered,53,18684.885
SALE-3021,ORD-6000,SKU-51,681.58,20,6/27/2024,West,Delivered,63,34351.632
SALE-3023,ORD-6002,SKU-446,77.7,5,4/17/2024,East,Delivered,87,6421.905
SALE-3025,ORD-6006,SKU-350,501.45,5,11/27/2024,North,Delivered,95,45255.8625
SALE-3028,ORD-6010,SKU-921,237.59,5,8/28/2024,East,Delivered,20,4514.21
SALE-3029,ORD-6011,SKU-407,629.27,10,1/28/2024,West,Delivered,94,53236.242
SALE-3030,ORD-6012,SKU-676,335.43,15,1/13/2024,East,Delivered,46,13115.313
SALE-3036,ORD-6023,SKU-739,154.16,10,7/31/2024,East,Delivered,30,4162.32
SALE-3039,ORD-6029,SKU-415,479.01,15,6/22/2024,East,Delivered,3,1221.4755
SALE-3040,ORD-6031,SKU-704,306.25,0,3/31/2024,East,Delivered,71,21743.75
SALE-3041,ORD-6033,SKU-325,68.69,10,9/7/2024,North,Delivered,42,2596.482
SALE-3042,ORD-6039,SKU-880,631.42,10,7/5/2024,West,Delivered,69,39211.182
SALE-3046,ORD-6046,SKU-836,724.7,15,10/4/2024,South,Delivered,50,30799.75
SALE-3047,ORD-6047,SKU-26,697.69,0,7/10/2024,North,Delivered,30,20930.7
SALE-3048,ORD-6049,SKU-417,526.98,15,7/30/2024,West,Delivered,85,38074.305
SALE-3049,ORD-6051,SKU-364,607.5,0,5/24/2024,East,Delivered,64,38880
SALE-3053,ORD-6059,SKU-931,613.7,10,7/2/2024,East,Delivered,35,19331.55
SALE-3055,ORD-6068,SKU-698,282.67,5,5/17/2024,North,Delivered,92,24705.358
SALE-3059,ORD-6077,SKU-240,280.24,15,4/8/2024,South,Delivered,9,2143.836
SALE-3061,ORD-6080,SKU-720,319.06,10,12/1/2024,South,Delivered,77,22110.858
SALE-3062,ORD-6082,SKU-608,595.98,20,2/14/2024,East,Delivered,24,11442.816
SALE-3064,ORD-6089,SKU-986,590.99,10,11/4/2024,West,Delivered,58,30849.678
SALE-3065,ORD-6090,SKU-197,358.18,15,3/28/2024,North,Delivered,20,6089.06
SALE-3066,ORD-6092,SKU-20,554.17,15,9/24/2024,West,Delivered,43,20254.9135
SALE-3068,ORD-6095,SKU-686,57.76,15,10/31/2024,West,Delivered,72,3534.912
SALE-3070,ORD-6099,SKU-93,751.3,5,10/3/2024,North,Delivered,50,35686.75
SALE-3073,ORD-6105,SKU-591,572.24,10,8/22/2024,East,Delivered,11,5665.176
SALE-3074,ORD-6106,SKU-821,602.62,0,2/21/2024,East,Delivered,94,56646.28
SALE-3075,ORD-6107,SKU-138,436.39,10,12/3/2024,South,Delivered,37,14531.787
SALE-3076,ORD-6110,SKU-696,71.55,5,3/17/2024,East,Delivered,42,2854.845
SALE-3079,ORD-6119,SKU-547,281.11,15,4/16/2024,West,Delivered,65,15531.3275
SALE-3081,ORD-6123,SKU-857,575.67,10,9/14/2024,North,Delivered,100,51810.3
SALE-3084,ORD-6127,SKU-932,626.12,5,12/15/2024,East,Delivered,41,24387.374
SALE-3085,ORD-6130,SKU-448,198.54,0,12/18/2024,South,Delivered,40,7941.6
SALE-3090,ORD-6136,SKU-221,315.04,15,10/31/2024,West,Delivered,62,16602.608
SALE-3096,ORD-6154,SKU-577,573.7,15,2/23/2024,South,Delivered,34,16579.93
SALE-3097,ORD-6155,SKU-70,219.51,10,5/3/2024,North,Delivered,78,15409.602
SALE-3098,ORD-6157,SKU-188,136.69,15,3/21/2024,South,Delivered,16,1858.984
SALE-3100,ORD-6161,SKU-986,590.99,0,6/29/2024,East,Delivered,11,6500.89
SALE-3101,ORD-6165,SKU-158,457.35,0,11/14/2024,North,Delivered,24,10976.4
SALE-3104,ORD-6170,SKU-295,330.66,5,11/3/2024,West,Delivered,25,7853.175
SALE-3107,ORD-6174,SKU-5,338.5,15,12/11/2024,East,Delivered,51,14673.975
SALE-3109,ORD-6177,SKU-308,456.27,15,6/22/2024,East,Delivered,82,31802.019
SALE-3110,ORD-6179,SKU-978,666.57,5,3/26/2024,South,Delivered,10,6332.415
SALE-3113,ORD-6184,SKU-541,152.82,5,12/12/2024,North,Delivered,86,12485.394
SALE-3116,ORD-6188,SKU-540,161.8,15,2/9/2024,West,Delivered,40,5501.2
SALE-3117,ORD-6189,SKU-639,349.03,10,11/11/2024,South,Delivered,71,22303.017
SALE-3118,ORD-6191,SKU-44,194.03,20,4/15/2024,South,Delivered,11,1707.464
SALE-3119,ORD-6192,SKU-182,232.23,10,6/23/2024,East,Delivered,44,9196.308
SALE-3120,ORD-6193,SKU-419,516.59,5,12/2/2024,South,Delivered,47,23065.7435
SALE-3122,ORD-6200,SKU-706,435.9,10,11/12/2024,West,Delivered,40,15692.4
SALE-3123,ORD-6201,SKU-880,631.42,10,2/2/2024,North,Delivered,88,50008.464
SALE-3125,ORD-6203,SKU-184,85.43,10,6/7/2024,South,Delivered,57,4382.559
SALE-3126,ORD-6204,SKU-462,353.08,10,4/6/2024,North,Delivered,89,28281.708
SALE-3129,ORD-6216,SKU-836,724.7,10,8/11/2024,East,Delivered,42,27393.66
SALE-3130,ORD-6217,SKU-964,530.64,5,11/27/2024,East,Delivered,52,26213.616
SALE-3133,ORD-6223,SKU-468,530.02,20,6/30/2024,East,Delivered,27,11448.432
SALE-3135,ORD-6225,SKU-899,595.32,0,9/6/2024,East,Delivered,67,39886.44
SALE-3136,ORD-6227,SKU-352,469.85,10,3/13/2024,East,Delivered,36,15223.14
SALE-3139,ORD-6233,SKU-569,247.89,0,9/15/2024,South,Delivered,54,13386.06
SALE-3142,ORD-6237,SKU-889,511.36,20,5/15/2024,South,Delivered,67,27408.896
SALE-3145,ORD-6244,SKU-962,25.36,20,1/12/2024,East,Delivered,27,547.776
SALE-3150,ORD-6256,SKU-659,229.15,20,7/15/2024,North,Delivered,4,733.28
SALE-3158,ORD-6272,SKU-508,347.3,10,8/27/2024,South,Delivered,38,11877.66
SALE-3160,ORD-6274,SKU-409,94.82,5,3/19/2024,South,Delivered,43,3873.397
SALE-3162,ORD-6276,SKU-285,435.24,10,9/13/2024,West,Delivered,44,17235.504
SALE-3166,ORD-6288,SKU-744,157.15,0,10/28/2024,West,Delivered,61,9586.15
SALE-3178,ORD-6312,SKU-49,630.65,10,10/26/2024,South,Delivered,31,17595.135
SALE-3180,ORD-6315,SKU-284,424.71,0,11/27/2024,West,Delivered,68,28880.28
SALE-3183,ORD-6326,SKU-831,270.29,15,12/9/2024,West,Delivered,47,10798.0855
SALE-3184,ORD-6327,SKU-880,631.42,10,7/10/2024,North,Delivered,71,40347.738
SALE-3185,ORD-6328,SKU-269,424.64,10,9/10/2024,South,Delivered,71,27134.496
SALE-3187,ORD-6332,SKU-168,418.9,20,3/21/2024,West,Delivered,9,3016.08
SALE-3188,ORD-6335,SKU-344,36.59,10,4/25/2024,North,Delivered,51,1679.481
SALE-3190,ORD-6337,SKU-773,485.94,0,6/16/2024,East,Delivered,30,14578.2
SALE-3192,ORD-6339,SKU-325,68.69,0,4/29/2024,North,Delivered,49,3365.81
SALE-3193,ORD-6342,SKU-280,653.73,15,1/2/2024,North,Delivered,66,36674.253
SALE-3194,ORD-6343,SKU-182,232.23,5,11/17/2024,West,Delivered,86,18973.191
SALE-3195,ORD-6344,SKU-479,319.36,15,10/22/2024,South,Delivered,82,22259.392
SALE-3200,ORD-6351,SKU-605,494.91,15,2/4/2024,North,Delivered,62,26081.757
SALE-3202,ORD-6353,SKU-607,275.28,0,2/24/2024,West,Delivered,24,6606.72
SALE-3204,ORD-6357,SKU-5,338.5,5,4/26/2024,North,Delivered,53,17043.475
SALE-3207,ORD-6363,SKU-153,81.21,5,10/23/2024,South,Delivered,46,3548.877
SALE-3209,ORD-6369,SKU-562,466.52,10,6/19/2024,North,Delivered,70,29390.76
SALE-3212,ORD-6373,SKU-507,165.75,15,10/20/2024,West,Delivered,45,6339.9375
SALE-3213,ORD-6376,SKU-666,19.38,15,7/22/2024,South,Delivered,47,774.231
SALE-3219,ORD-6390,SKU-470,16.5,5,3/7/2024,South,Delivered,11,172.425
SALE-3224,ORD-6401,SKU-815,177.51,10,11/6/2024,North,Delivered,90,14378.31
SALE-3225,ORD-6407,SKU-896,356.15,5,1/10/2024,South,Delivered,36,12180.33
SALE-3226,ORD-6408,SKU-693,180.82,0,7/21/2024,North,Delivered,48,8679.36
SALE-3228,ORD-6415,SKU-230,489.08,5,8/14/2024,North,Delivered,59,27412.934
SALE-3230,ORD-6419,SKU-278,376.57,5,3/21/2024,West,Delivered,57,20391.2655
SALE-3236,ORD-6429,SKU-834,25.58,10,12/11/2024,West,Delivered,64,1473.408
SALE-3237,ORD-6430,SKU-192,352.22,5,1/30/2024,North,Delivered,81,27103.329
SALE-3241,ORD-6439,SKU-364,607.5,0,9/11/2024,South,Delivered,25,15187.5
SALE-3242,ORD-6446,SKU-685,191.41,10,10/5/2024,South,Delivered,93,16021.017
SALE-3250,ORD-6458,SKU-275,339.51,0,1/29/2024,North,Delivered,97,32932.47
SALE-3252,ORD-6464,SKU-984,310.16,10,1/15/2024,South,Delivered,70,19540.08
SALE-3254,ORD-6468,SKU-564,611.1,15,11/12/2024,North,Delivered,14,7272.09
SALE-3257,ORD-6474,SKU-736,443.18,5,3/5/2024,East,Delivered,91,38312.911
SALE-3259,ORD-6478,SKU-692,533.58,5,11/5/2024,North,Delivered,64,32441.664
SALE-3260,ORD-6479,SKU-492,174.26,15,2/21/2024,West,Delivered,15,2221.815
SALE-3261,ORD-6480,SKU-660,487.19,20,6/11/2024,East,Delivered,68,26503.136
SALE-3262,ORD-6482,SKU-410,131.99,15,8/15/2024,East,Delivered,70,7853.405
SALE-3264,ORD-6484,SKU-128,390.14,10,10/10/2024,West,Delivered,83,29143.458
SALE-3266,ORD-6486,SKU-177,587.49,0,11/17/2024,West,Delivered,27,15862.23
SALE-3267,ORD-6492,SKU-503,490.93,15,12/24/2024,North,Delivered,74,30879.497
SALE-3268,ORD-6494,SKU-205,301.25,0,5/27/2024,South,Delivered,41,12351.25
SALE-3270,ORD-6499,SKU-449,229.59,10,9/30/2024,West,Delivered,19,3925.989
SALE-3271,ORD-6500,SKU-99,226.85,10,2/17/2024,South,Delivered,43,8779.095
SALE-3272,ORD-6503,SKU-163,41.32,0,6/5/2024,East,Delivered,4,165.28
SALE-3274,ORD-6508,SKU-648,708.26,15,12/27/2024,East,Delivered,29,17458.609
SALE-3275,ORD-6509,SKU-448,198.54,15,6/10/2024,West,Delivered,98,16538.382
SALE-3278,ORD-6518,SKU-291,503.32,5,4/20/2024,East,Delivered,2,956.308
SALE-3279,ORD-6522,SKU-167,37.9,10,3/28/2024,West,Delivered,68,2319.48
SALE-3280,ORD-6524,SKU-788,360.17,15,8/26/2024,North,Delivered,96,29389.872
SALE-3281,ORD-6528,SKU-651,360.11,0,9/19/2024,North,Delivered,80,28808.8
SALE-3283,ORD-6538,SKU-74,417.74,15,8/14/2024,South,Delivered,100,35507.9
SALE-3286,ORD-6541,SKU-970,403.56,5,1/20/2024,South,Delivered,21,8051.022
SALE-3289,ORD-6549,SKU-113,400.57,5,12/19/2024,East,Delivered,89,33868.1935
SALE-3292,ORD-6554,SKU-778,367.5,15,6/22/2024,West,Delivered,16,4998
SALE-3295,ORD-6559,SKU-613,194.24,20,8/2/2024,East,Delivered,37,5749.504
SALE-3297,ORD-6563,SKU-40,34.78,10,2/5/2024,North,Delivered,91,2848.482
SALE-3300,ORD-6568,SKU-13,322.01,15,5/20/2024,East,Delivered,43,11769.4655
SALE-3303,ORD-6572,SKU-14,385.14,15,6/20/2024,East,Delivered,75,24552.675
SALE-3304,ORD-6573,SKU-388,551.59,5,8/9/2024,South,Delivered,31,16244.3255
SALE-3305,ORD-6574,SKU-72,495.58,10,7/17/2024,South,Delivered,34,15164.748
SALE-3306,ORD-6576,SKU-201,356.14,10,10/27/2024,North,Delivered,14,4487.364
SALE-3307,ORD-6578,SKU-284,424.71,15,3/2/2024,South,Delivered,41,14801.1435
SALE-3308,ORD-6580,SKU-617,281.12,5,6/30/2024,North,Delivered,48,12819.072
SALE-3311,ORD-6584,SKU-788,360.17,20,2/28/2024,North,Delivered,74,21322.064
SALE-3313,ORD-6587,SKU-490,299.72,0,5/22/2024,South,Delivered,74,22179.28
SALE-3314,ORD-6590,SKU-383,56.83,10,7/25/2024,West,Delivered,21,1074.087
SALE-3318,ORD-6595,SKU-469,100.09,15,5/19/2024,North,Delivered,40,3403.06
SALE-3319,ORD-6596,SKU-212,97.29,5,2/22/2024,North,Delivered,55,5083.4025
SALE-3320,ORD-6598,SKU-576,446.96,15,9/28/2024,West,Delivered,87,33052.692
SALE-3322,ORD-6603,SKU-371,284.25,5,12/24/2024,East,Delivered,98,26463.675
SALE-3323,ORD-6608,SKU-585,774.78,0,5/1/2024,East,Delivered,90,69730.2
SALE-3324,ORD-6609,SKU-673,164.05,0,1/22/2024,North,Delivered,6,984.3
SALE-3327,ORD-6623,SKU-700,38.55,0,11/14/2024,South,Delivered,19,732.45
SALE-3332,ORD-6630,SKU-11,268.24,0,5/25/2024,South,Delivered,24,6437.76
SALE-3333,ORD-6631,SKU-692,533.58,10,9/20/2024,North,Delivered,34,16327.548
SALE-3335,ORD-6634,SKU-47,198.09,5,11/28/2024,North,Delivered,98,18442.179
SALE-3336,ORD-6636,SKU-698,282.67,0,10/8/2024,West,Delivered,66,18656.22
SALE-3337,ORD-6640,SKU-247,73.02,20,7/25/2024,South,Delivered,80,4673.28
SALE-3341,ORD-6648,SKU-8,601.32,15,7/6/2024,East,Delivered,100,51112.2
SALE-3344,ORD-6652,SKU-470,16.5,0,1/7/2024,West,Delivered,20,330
SALE-3347,ORD-6660,SKU-5,338.5,5,1/6/2024,West,Delivered,96,30871.2
SALE-3348,ORD-6663,SKU-482,293.02,5,3/22/2024,South,Delivered,83,23104.627
SALE-3350,ORD-6667,SKU-564,611.1,5,3/1/2024,East,Delivered,42,24382.89
SALE-3352,ORD-6674,SKU-680,156.6,15,12/15/2024,North,Delivered,45,5989.95
SALE-3353,ORD-6675,SKU-700,38.55,0,12/28/2024,South,Delivered,22,848.1
SALE-3354,ORD-6678,SKU-715,259.06,5,3/28/2024,North,Delivered,53,13043.671
SALE-3355,ORD-6679,SKU-326,341.39,10,2/8/2024,South,Delivered,37,11368.287
SALE-3359,ORD-6692,SKU-104,85.55,5,3/12/2024,South,Delivered,88,7151.98
SALE-3362,ORD-6706,SKU-149,411.51,0,11/21/2024,East,Delivered,14,5761.14
SALE-3365,ORD-6717,SKU-161,142.98,20,12/1/2024,South,Delivered,40,4575.36
SALE-3369,ORD-6725,SKU-135,184.6,10,2/26/2024,South,Delivered,20,3322.8
SALE-3371,ORD-6729,SKU-531,547.9,20,2/5/2024,West,Delivered,53,23230.96
SALE-3372,ORD-6732,SKU-936,275.49,10,3/25/2024,North,Delivered,14,3471.174
SALE-3373,ORD-6733,SKU-374,640.37,10,3/21/2024,West,Delivered,41,23629.653
SALE-3376,ORD-6740,SKU-363,432.15,0,8/12/2024,South,Delivered,5,2160.75
SALE-3379,ORD-6745,SKU-887,214.71,20,6/19/2024,South,Delivered,37,6355.416
SALE-3381,ORD-6751,SKU-13,322.01,5,3/7/2024,North,Delivered,30,9177.285
SALE-3383,ORD-6753,SKU-133,577.26,5,1/19/2024,West,Delivered,69,37839.393
SALE-3388,ORD-6768,SKU-850,129.11,10,1/30/2024,North,Delivered,46,5345.154
SALE-3390,ORD-6770,SKU-619,605.24,5,1/9/2024,West,Delivered,18,10349.604
SALE-3393,ORD-6779,SKU-49,630.65,5,7/7/2024,West,Delivered,71,42537.3425
SALE-3395,ORD-6784,SKU-599,157.91,15,6/28/2024,West,Delivered,90,12080.115
SALE-3397,ORD-6790,SKU-315,694.01,15,5/16/2024,North,Delivered,85,50142.2225
SALE-3399,ORD-6792,SKU-913,184.62,10,2/15/2024,East,Delivered,30,4984.74
SALE-3401,ORD-6796,SKU-161,142.98,10,4/8/2024,West,Delivered,22,2831.004
SALE-3403,ORD-6798,SKU-64,122.51,0,4/24/2024,West,Delivered,98,12005.98
SALE-3405,ORD-6802,SKU-687,449.73,5,1/18/2024,South,Delivered,8,3417.948
SALE-3407,ORD-6805,SKU-742,696.23,10,10/20/2024,East,Delivered,37,23184.459
SALE-3408,ORD-6806,SKU-535,353.05,5,2/24/2024,South,Delivered,37,12409.7075
SALE-3409,ORD-6808,SKU-517,798.91,10,12/20/2024,North,Delivered,38,27322.722
SALE-3410,ORD-6812,SKU-982,386.27,10,11/5/2024,South,Delivered,58,20163.294
SALE-3411,ORD-6814,SKU-451,324.46,15,2/26/2024,West,Delivered,69,19029.579
SALE-3412,ORD-6815,SKU-959,569.72,5,11/19/2024,South,Delivered,10,5412.34
SALE-3415,ORD-6819,SKU-801,437.7,5,5/31/2024,West,Delivered,38,15800.97
SALE-3416,ORD-6820,SKU-931,613.7,15,12/5/2024,North,Delivered,64,33385.28
SALE-3417,ORD-6821,SKU-658,309.94,5,3/11/2024,North,Delivered,28,8244.404
SALE-3418,ORD-6824,SKU-192,352.22,10,5/11/2024,West,Delivered,63,19970.874
SALE-3420,ORD-6826,SKU-929,305.3,15,4/28/2024,North,Delivered,66,17127.33
SALE-3421,ORD-6830,SKU-701,392.23,5,4/29/2024,West,Delivered,41,15277.3585
SALE-3423,ORD-6833,SKU-376,129.67,5,9/22/2024,West,Delivered,69,8499.8685
SALE-3429,ORD-6846,SKU-449,229.59,0,7/9/2024,North,Delivered,90,20663.1
SALE-3432,ORD-6853,SKU-674,319.43,5,6/11/2024,East,Delivered,27,8193.3795
SALE-3437,ORD-6866,SKU-459,650.49,20,5/11/2024,West,Delivered,8,4163.136
SALE-3438,ORD-6867,SKU-651,360.11,5,9/29/2024,South,Delivered,78,26684.151
SALE-3439,ORD-6868,SKU-589,111.58,10,2/1/2024,North,Delivered,52,5221.944
SALE-3440,ORD-6869,SKU-551,464.28,0,4/15/2024,East,Delivered,57,26463.96
SALE-3441,ORD-6873,SKU-906,231.62,5,3/17/2024,North,Delivered,27,5941.053
SALE-3442,ORD-6876,SKU-809,202.65,5,7/23/2024,West,Delivered,8,1540.14
SALE-3443,ORD-6877,SKU-182,232.23,5,6/9/2024,North,Delivered,98,21620.613
SALE-3444,ORD-6881,SKU-642,597.03,10,1/23/2024,North,Delivered,86,46210.122
SALE-3445,ORD-6884,SKU-830,46.3,10,10/5/2024,East,Delivered,23,958.41
SALE-3446,ORD-6885,SKU-466,74.78,20,3/30/2024,East,Delivered,35,2093.84
SALE-3448,ORD-6888,SKU-659,229.15,5,10/13/2024,South,Delivered,95,20680.7875
SALE-3449,ORD-6890,SKU-373,278.61,20,9/1/2024,West,Delivered,42,9361.296
SALE-3450,ORD-6891,SKU-525,109.92,10,7/23/2024,East,Delivered,91,9002.448
SALE-3453,ORD-6896,SKU-831,270.29,15,12/15/2024,South,Delivered,79,18149.9735
SALE-3455,ORD-6900,SKU-259,137.37,5,4/4/2024,West,Delivered,61,7960.5915
SALE-3457,ORD-6904,SKU-807,234.34,0,7/14/2024,North,Delivered,15,3515.1
SALE-3458,ORD-6905,SKU-545,503.04,15,11/14/2024,West,Delivered,56,23944.704
SALE-3459,ORD-6907,SKU-301,507.49,15,3/26/2024,South,Delivered,63,27176.0895
SALE-3461,ORD-6911,SKU-970,403.56,15,8/23/2024,North,Delivered,64,21953.664
SALE-3463,ORD-6914,SKU-31,283.39,15,3/20/2024,West,Delivered,18,4335.867
SALE-3465,ORD-6920,SKU-968,642.4,10,4/24/2024,West,Delivered,64,37002.24
SALE-3466,ORD-6924,SKU-496,702.65,10,12/16/2024,East,Delivered,66,41737.41
SALE-3469,ORD-6929,SKU-184,85.43,5,10/6/2024,West,Delivered,57,4626.0345
SALE-3473,ORD-6935,SKU-396,370.94,0,6/22/2024,North,Delivered,69,25594.86
SALE-3476,ORD-6945,SKU-832,40.36,10,9/20/2024,West,Delivered,13,472.212
SALE-3477,ORD-6947,SKU-102,444.75,20,7/30/2024,East,Delivered,37,13164.6
SALE-3479,ORD-6951,SKU-235,446.31,5,9/26/2024,South,Delivered,90,38159.505
SALE-3481,ORD-6955,SKU-836,724.7,10,9/8/2024,South,Delivered,67,43699.41
SALE-3482,ORD-6956,SKU-65,193.09,20,10/16/2024,South,Delivered,2,308.944
SALE-3483,ORD-6957,SKU-543,411.02,20,12/13/2024,North,Delivered,1,328.816
SALE-3484,ORD-6958,SKU-865,43.05,10,10/9/2024,North,Delivered,60,2324.7
SALE-3488,ORD-6967,SKU-941,189.5,15,8/26/2024,North,Delivered,40,6443
SALE-3494,ORD-6974,SKU-317,93,10,10/25/2024,East,Delivered,75,6277.5
SALE-3496,ORD-6976,SKU-838,601.03,5,6/3/2024,East,Delivered,11,6280.7635
SALE-3497,ORD-6977,SKU-858,206.09,15,3/21/2024,South,Delivered,3,525.5295
SALE-3499,ORD-6979,SKU-603,648.52,5,3/26/2024,East,Delivered,5,3080.47
SALE-3501,ORD-6983,SKU-417,526.98,15,1/18/2024,South,Delivered,48,21500.784
SALE-3502,ORD-6984,SKU-975,532.22,5,3/12/2024,North,Delivered,24,12134.616
SALE-3503,ORD-6986,SKU-145,690.42,15,1/13/2024,North,Delivered,16,9389.712
SALE-3504,ORD-6987,SKU-702,184.56,10,5/10/2024,East,Delivered,79,13122.216
SALE-3506,ORD-6990,SKU-833,300.13,5,7/20/2024,West,Delivered,84,23950.374
SALE-3508,ORD-6992,SKU-839,285.2,10,10/12/2024,North,Delivered,50,12834
SALE-3509,ORD-6994,SKU-540,161.8,20,9/12/2024,West,Delivered,80,10355.2
SALE-3511,ORD-6997,SKU-773,485.94,10,9/20/2024,West,Delivered,37,16181.802
SALE-3512,ORD-6998,SKU-548,566.65,0,12/6/2024,South,Delivered,16,9066.4
SALE-3514,ORD-7001,SKU-688,160.37,15,7/23/2024,East,Delivered,26,3544.177
SALE-3518,ORD-7010,SKU-195,256.72,15,11/27/2024,South,Delivered,48,10474.176
SALE-3519,ORD-7011,SKU-755,389.77,10,9/7/2024,North,Delivered,14,4911.102
SALE-3520,ORD-7012,SKU-870,134.49,20,5/19/2024,West,Delivered,99,10651.608
SALE-3522,ORD-7017,SKU-586,293.26,10,6/4/2024,East,Delivered,40,10557.36
SALE-3523,ORD-7023,SKU-895,261.15,5,12/6/2024,North,Delivered,58,14389.365
SALE-3524,ORD-7024,SKU-826,137.7,10,2/17/2024,North,Delivered,12,1487.16
SALE-3525,ORD-7025,SKU-717,67.76,20,1/2/2024,North,Delivered,16,867.328
SALE-3526,ORD-7029,SKU-486,608.18,10,3/12/2024,West,Delivered,21,11494.602
SALE-3527,ORD-7031,SKU-302,801.29,5,1/25/2024,East,Delivered,48,36538.824
SALE-3528,ORD-7034,SKU-361,608.27,20,9/3/2024,East,Delivered,66,32116.656
SALE-3534,ORD-7045,SKU-570,73.83,15,4/4/2024,North,Delivered,87,5459.7285
SALE-3535,ORD-7046,SKU-103,592.29,0,1/12/2024,East,Delivered,82,48567.78
SALE-3538,ORD-7053,SKU-250,26.62,0,4/26/2024,South,Delivered,70,1863.4
SALE-3539,ORD-7054,SKU-405,43.91,20,5/23/2024,South,Delivered,42,1475.376
SALE-3542,ORD-7063,SKU-446,77.7,5,10/25/2024,South,Delivered,59,4355.085
SALE-3543,ORD-7065,SKU-19,264.2,15,7/17/2024,North,Delivered,79,17741.03
SALE-3545,ORD-7069,SKU-711,291.8,10,6/10/2024,East,Delivered,33,8666.46
SALE-3546,ORD-7070,SKU-731,296.95,10,4/22/2024,West,Delivered,66,17638.83
SALE-3547,ORD-7072,SKU-397,297.18,15,6/5/2024,North,Delivered,91,22986.873
SALE-3556,ORD-7089,SKU-800,779.29,20,11/24/2024,West,Delivered,45,28054.44
SALE-3560,ORD-7097,SKU-328,476.36,10,4/13/2024,South,Delivered,51,21864.924
SALE-3566,ORD-7107,SKU-609,607.75,0,10/7/2024,East,Delivered,78,47404.5
SALE-3567,ORD-7109,SKU-606,107.78,5,2/14/2024,North,Delivered,4,409.564
SALE-3568,ORD-7113,SKU-681,22.31,10,8/14/2024,East,Delivered,56,1124.424
SALE-3570,ORD-7117,SKU-645,318.68,10,3/14/2024,South,Delivered,70,20076.84
SALE-3572,ORD-7120,SKU-296,261.46,0,12/2/2024,West,Delivered,33,8628.18
SALE-3574,ORD-7123,SKU-572,421.51,10,7/13/2024,West,Delivered,24,9104.616
SALE-3576,ORD-7127,SKU-386,216.26,0,3/3/2024,East,Delivered,94,20328.44
SALE-3577,ORD-7129,SKU-596,457.22,5,6/13/2024,East,Delivered,66,28667.694
SALE-3581,ORD-7135,SKU-865,43.05,0,1/5/2024,West,Delivered,91,3917.55
SALE-3582,ORD-7137,SKU-252,445.78,10,5/8/2024,North,Delivered,48,19257.696
SALE-3584,ORD-7140,SKU-769,559.22,0,4/24/2024,East,Delivered,89,49770.58
SALE-3586,ORD-7142,SKU-909,595.22,20,3/15/2024,West,Delivered,75,35713.2
SALE-3587,ORD-7143,SKU-200,26.63,20,3/8/2024,North,Delivered,50,1065.2
SALE-3588,ORD-7144,SKU-418,22.01,10,4/4/2024,South,Delivered,59,1168.731
SALE-3590,ORD-7146,SKU-407,629.27,15,5/5/2024,South,Delivered,92,49208.914
SALE-3595,ORD-7162,SKU-215,689.48,5,8/7/2024,West,Delivered,80,52400.48
SALE-3598,ORD-7167,SKU-688,160.37,0,11/25/2024,South,Delivered,95,15235.15
SALE-3599,ORD-7168,SKU-562,466.52,15,10/18/2024,South,Delivered,77,30533.734
SALE-3600,ORD-7169,SKU-798,506.69,15,4/5/2024,West,Delivered,55,23687.7575
SALE-3602,ORD-7171,SKU-789,185.65,5,1/26/2024,West,Delivered,1,176.3675
SALE-3604,ORD-7174,SKU-751,617.97,15,12/4/2024,South,Delivered,73,38345.0385
SALE-3605,ORD-7175,SKU-344,36.59,20,6/8/2024,West,Delivered,27,790.344
SALE-3610,ORD-7188,SKU-864,299.74,15,7/28/2024,East,Delivered,63,16051.077
SALE-3611,ORD-7189,SKU-919,773.12,10,1/17/2024,West,Delivered,17,11828.736
SALE-3612,ORD-7192,SKU-827,182.63,0,4/21/2024,West,Delivered,74,13514.62
SALE-3614,ORD-7202,SKU-237,423.55,10,10/7/2024,North,Delivered,96,36594.72
SALE-3617,ORD-7206,SKU-814,431.8,20,6/27/2024,West,Delivered,67,23144.48
SALE-3618,ORD-7207,SKU-180,553.95,15,5/18/2024,East,Delivered,76,35785.17
SALE-3619,ORD-7209,SKU-967,546.76,10,2/10/2024,East,Delivered,41,20175.444
SALE-3622,ORD-7213,SKU-997,429.63,15,1/30/2024,North,Delivered,64,23371.872
SALE-3624,ORD-7215,SKU-598,65.57,5,11/15/2024,North,Delivered,63,3924.3645
SALE-3626,ORD-7222,SKU-831,270.29,20,6/26/2024,South,Delivered,100,21623.2
SALE-3627,ORD-7224,SKU-622,37.75,10,9/25/2024,North,Delivered,32,1087.2
SALE-3630,ORD-7232,SKU-279,51.04,20,5/23/2024,East,Delivered,70,2858.24
SALE-3633,ORD-7238,SKU-745,342.7,10,12/18/2024,West,Delivered,38,11720.34
SALE-3634,ORD-7239,SKU-944,722.69,10,5/16/2024,North,Delivered,9,5853.789
SALE-3635,ORD-7241,SKU-521,588.83,10,7/17/2024,South,Delivered,49,25967.403
SALE-3637,ORD-7244,SKU-440,31.85,5,9/22/2024,West,Delivered,38,1149.785
SALE-3638,ORD-7245,SKU-467,81.15,0,2/10/2024,West,Delivered,20,1623
SALE-3639,ORD-7248,SKU-165,57.18,0,6/22/2024,North,Delivered,75,4288.5
SALE-3641,ORD-7250,SKU-507,165.75,5,6/20/2024,North,Delivered,33,5196.2625
SALE-3648,ORD-7267,SKU-114,329.92,10,3/23/2024,East,Delivered,67,19894.176
SALE-3651,ORD-7274,SKU-87,487.55,10,9/3/2024,South,Delivered,91,39930.345
SALE-3653,ORD-7277,SKU-818,556.53,20,3/23/2024,West,Delivered,89,39624.936
SALE-3654,ORD-7278,SKU-520,47.53,20,9/23/2024,West,Delivered,12,456.288
SALE-3658,ORD-7288,SKU-789,185.65,5,4/25/2024,North,Delivered,60,10582.05
SALE-3659,ORD-7290,SKU-73,140.69,0,11/26/2024,North,Delivered,28,3939.32
SALE-3664,ORD-7295,SKU-166,91.98,20,8/28/2024,North,Delivered,4,294.336
SALE-3667,ORD-7301,SKU-460,238.61,15,2/12/2024,North,Delivered,45,9126.8325
SALE-3669,ORD-7303,SKU-313,202.85,20,8/7/2024,West,Delivered,82,13306.96
SALE-3670,ORD-7304,SKU-946,101.94,20,5/17/2024,South,Delivered,37,3017.424
SALE-3671,ORD-7307,SKU-262,119.68,15,5/23/2024,North,Delivered,35,3560.48
SALE-3673,ORD-7313,SKU-478,278.07,5,4/24/2024,North,Delivered,5,1320.8325
SALE-3674,ORD-7314,SKU-192,352.22,15,8/7/2024,North,Delivered,41,12274.867
SALE-3676,ORD-7317,SKU-902,216.09,20,4/1/2024,West,Delivered,36,6223.392
SALE-3677,ORD-7318,SKU-338,248.07,10,10/23/2024,South,Delivered,55,12279.465
SALE-3678,ORD-7321,SKU-707,462.97,10,1/9/2024,East,Delivered,24,10000.152
SALE-3679,ORD-7322,SKU-155,379.59,10,5/23/2024,West,Delivered,65,22206.015
SALE-3681,ORD-7327,SKU-1000,549.81,10,1/7/2024,South,Delivered,81,40081.149
SALE-3682,ORD-7329,SKU-27,354.65,5,8/6/2024,West,Delivered,22,7412.185
SALE-3684,ORD-7339,SKU-20,554.17,15,3/14/2024,North,Delivered,85,40038.7825
SALE-3685,ORD-7340,SKU-767,740.96,15,8/9/2024,West,Delivered,7,4408.712
SALE-3686,ORD-7344,SKU-397,297.18,20,8/14/2024,South,Delivered,46,10936.224
SALE-3687,ORD-7345,SKU-955,239.63,15,3/13/2024,North,Delivered,17,3462.6535
SALE-3688,ORD-7352,SKU-130,569.16,5,11/18/2024,North,Delivered,59,31901.418
SALE-3695,ORD-7366,SKU-866,258.47,10,10/6/2024,North,Delivered,67,15585.741
SALE-3696,ORD-7367,SKU-656,343.04,15,5/1/2024,East,Delivered,32,9330.688
SALE-3697,ORD-7373,SKU-575,854.81,20,11/6/2024,East,Delivered,57,38979.336
SALE-3698,ORD-7374,SKU-975,532.22,0,7/31/2024,West,Delivered,65,34594.3
SALE-3699,ORD-7375,SKU-913,184.62,20,6/8/2024,South,Delivered,85,12554.16
SALE-3700,ORD-7376,SKU-474,501.42,5,4/13/2024,East,Delivered,52,24770.148
SALE-3702,ORD-7380,SKU-399,89.55,20,10/23/2024,North,Delivered,17,1217.88
SALE-3703,ORD-7381,SKU-309,603.35,0,6/22/2024,South,Delivered,37,22323.95
SALE-3704,ORD-7383,SKU-371,284.25,0,2/24/2024,East,Delivered,87,24729.75
SALE-3705,ORD-7387,SKU-915,823.25,20,12/16/2024,West,Delivered,27,17782.2
SALE-3706,ORD-7393,SKU-606,107.78,5,6/14/2024,South,Delivered,86,8805.626
SALE-3707,ORD-7394,SKU-44,194.03,15,7/7/2024,South,Delivered,99,16327.6245
SALE-3708,ORD-7399,SKU-350,501.45,20,6/28/2024,West,Delivered,28,11232.48
SALE-3709,ORD-7404,SKU-883,320.85,10,12/3/2024,West,Delivered,28,8085.42
SALE-3715,ORD-7416,SKU-157,380.78,10,7/17/2024,South,Delivered,87,29815.074
SALE-3718,ORD-7422,SKU-372,112.57,10,4/23/2024,East,Delivered,49,4964.337
SALE-3721,ORD-7427,SKU-406,350.11,15,12/13/2024,West,Delivered,61,18153.2035
SALE-3723,ORD-7430,SKU-179,390.36,0,4/6/2024,South,Delivered,98,38255.28
SALE-3724,ORD-7431,SKU-529,53.57,5,9/20/2024,South,Delivered,52,2646.358
SALE-3727,ORD-7434,SKU-569,247.89,10,1/10/2024,North,Delivered,95,21194.595
SALE-3728,ORD-7438,SKU-172,474.29,10,9/10/2024,West,Delivered,17,7256.637
SALE-3729,ORD-7442,SKU-969,249.33,10,9/26/2024,South,Delivered,87,19522.539
SALE-3731,ORD-7445,SKU-943,457.52,0,5/13/2024,South,Delivered,54,24706.08
SALE-3732,ORD-7446,SKU-801,437.7,15,12/22/2024,South,Delivered,58,21578.61
SALE-3735,ORD-7451,SKU-694,824.9,15,7/9/2024,East,Delivered,54,37862.91
SALE-3737,ORD-7459,SKU-892,425.16,0,8/17/2024,East,Delivered,83,35288.28
SALE-3738,ORD-7460,SKU-770,131.24,10,2/6/2024,West,Delivered,42,4960.872
SALE-3740,ORD-7463,SKU-765,332.17,15,12/14/2024,West,Delivered,43,12140.8135
SALE-3741,ORD-7466,SKU-344,36.59,5,7/9/2024,West,Delivered,23,799.4915
SALE-3744,ORD-7470,SKU-631,39.47,20,11/27/2024,North,Delivered,29,915.704
SALE-3745,ORD-7471,SKU-22,24.14,5,3/8/2024,North,Delivered,22,504.526
SALE-3746,ORD-7472,SKU-264,236.08,15,11/21/2024,South,Delivered,57,11438.076
SALE-3748,ORD-7475,SKU-224,54.42,5,10/3/2024,West,Delivered,16,827.184
SALE-3752,ORD-7485,SKU-796,558.25,0,2/1/2024,East,Delivered,46,25679.5
SALE-3753,ORD-7489,SKU-905,49.42,0,3/15/2024,East,Delivered,58,2866.36
SALE-3755,ORD-7493,SKU-411,67.49,20,2/21/2024,North,Delivered,36,1943.712
SALE-3759,ORD-7498,SKU-868,627.78,10,11/14/2024,West,Delivered,77,43505.154
SALE-3761,ORD-7501,SKU-852,148.15,20,9/16/2024,East,Delivered,4,474.08
SALE-3762,ORD-7503,SKU-948,350.3,15,3/7/2024,North,Delivered,57,16972.035
SALE-3763,ORD-7504,SKU-191,56.91,15,8/26/2024,East,Delivered,86,4160.121
SALE-3764,ORD-7508,SKU-138,436.39,0,5/31/2024,East,Delivered,53,23128.67
SALE-3765,ORD-7509,SKU-484,284.9,10,1/10/2024,East,Delivered,64,16410.24
SALE-3766,ORD-7512,SKU-576,446.96,0,1/10/2024,East,Delivered,77,34415.92
SALE-3767,ORD-7513,SKU-538,458.58,0,2/6/2024,West,Delivered,68,31183.44
SALE-3768,ORD-7515,SKU-809,202.65,20,11/5/2024,West,Delivered,14,2269.68
SALE-3769,ORD-7517,SKU-363,432.15,0,4/21/2024,West,Delivered,21,9075.15
SALE-3770,ORD-7518,SKU-539,316.73,5,8/28/2024,South,Delivered,73,21965.2255
SALE-3774,ORD-7524,SKU-415,479.01,5,6/27/2024,North,Delivered,15,6825.8925
SALE-3775,ORD-7526,SKU-285,435.24,0,7/10/2024,East,Delivered,60,26114.4
SALE-3776,ORD-7527,SKU-748,419.68,0,2/14/2024,East,Delivered,13,5455.84
SALE-3777,ORD-7529,SKU-413,114.15,5,5/27/2024,West,Delivered,59,6398.1075
SALE-3778,ORD-7531,SKU-954,479.2,5,2/15/2024,South,Delivered,36,16388.64
SALE-3779,ORD-7533,SKU-679,153.41,0,5/7/2024,South,Delivered,81,12426.21
SALE-3780,ORD-7536,SKU-577,573.7,20,1/30/2024,East,Delivered,53,24324.88
SALE-3782,ORD-7543,SKU-244,501.82,5,10/10/2024,North,Delivered,85,40521.965
SALE-3784,ORD-7547,SKU-208,284.33,0,11/6/2024,South,Delivered,64,18197.12
SALE-3788,ORD-7556,SKU-485,292.01,20,1/27/2024,North,Delivered,89,20791.112
SALE-3789,ORD-7557,SKU-366,327.81,20,8/10/2024,South,Delivered,36,9440.928
SALE-3791,ORD-7563,SKU-163,41.32,5,10/31/2024,East,Delivered,100,3925.4
SALE-3794,ORD-7567,SKU-572,421.51,20,9/28/2024,East,Delivered,26,8767.408
SALE-3795,ORD-7568,SKU-503,490.93,5,2/8/2024,East,Delivered,18,8394.903
SALE-3796,ORD-7571,SKU-530,104.93,10,6/27/2024,West,Delivered,94,8877.078
SALE-3798,ORD-7575,SKU-835,49.98,5,12/12/2024,North,Delivered,78,3703.518
SALE-3799,ORD-7581,SKU-675,820.2,0,2/7/2024,East,Delivered,89,72997.8
SALE-3801,ORD-7585,SKU-487,61.9,0,1/5/2024,South,Delivered,10,619
SALE-3804,ORD-7595,SKU-282,94.52,15,10/14/2024,South,Delivered,73,5864.966
SALE-3805,ORD-7596,SKU-919,773.12,20,4/24/2024,East,Delivered,2,1236.992
SALE-3806,ORD-7598,SKU-256,700.91,0,10/8/2024,North,Delivered,86,60278.26
SALE-3809,ORD-7603,SKU-225,131.87,5,10/10/2024,North,Delivered,83,10397.9495
SALE-3812,ORD-7610,SKU-479,319.36,5,5/4/2024,South,Delivered,53,16079.776
SALE-3816,ORD-7617,SKU-402,397.9,0,5/14/2024,West,Delivered,78,31036.2
SALE-3817,ORD-7618,SKU-231,527.99,0,11/27/2024,East,Delivered,73,38543.27
SALE-3822,ORD-7624,SKU-938,353.89,10,11/12/2024,West,Delivered,82,26117.082
SALE-3826,ORD-7629,SKU-939,410.28,15,4/27/2024,North,Delivered,90,31386.42
SALE-3828,ORD-7632,SKU-744,157.15,0,1/3/2024,North,Delivered,17,2671.55
SALE-3834,ORD-7646,SKU-347,558.4,20,10/31/2024,East,Delivered,83,37077.76
SALE-3836,ORD-7648,SKU-668,278.68,15,3/16/2024,East,Delivered,42,9948.876
SALE-3837,ORD-7649,SKU-434,169.69,10,11/27/2024,South,Delivered,4,610.884
SALE-3838,ORD-7650,SKU-186,750.5,5,1/14/2024,South,Delivered,40,28519
SALE-3841,ORD-7657,SKU-61,262.95,5,12/13/2024,North,Delivered,4,999.21
SALE-3842,ORD-7658,SKU-64,122.51,15,6/15/2024,West,Delivered,99,10309.2165
SALE-3844,ORD-7660,SKU-393,662.58,20,6/6/2024,North,Delivered,91,48235.824
SALE-3845,ORD-7661,SKU-366,327.81,15,6/21/2024,East,Delivered,87,24241.5495
SALE-3846,ORD-7663,SKU-635,595.63,5,2/24/2024,North,Delivered,52,29424.122
SALE-3848,ORD-7670,SKU-753,717.88,5,4/11/2024,East,Delivered,16,10911.776
SALE-3849,ORD-7671,SKU-358,561.07,10,7/17/2024,West,Delivered,42,21208.446
SALE-3851,ORD-7674,SKU-125,555.91,0,2/3/2024,North,Delivered,63,35022.33
SALE-3852,ORD-7676,SKU-307,54.96,0,6/19/2024,East,Delivered,72,3957.12
SALE-3854,ORD-7678,SKU-959,569.72,0,8/20/2024,West,Delivered,89,50705.08
SALE-3857,ORD-7687,SKU-796,558.25,0,5/24/2024,North,Delivered,68,37961
SALE-3859,ORD-7689,SKU-732,425.12,0,1/14/2024,North,Delivered,69,29333.28
SALE-3862,ORD-7697,SKU-166,91.98,10,4/20/2024,West,Delivered,30,2483.46
SALE-3863,ORD-7699,SKU-994,184.47,0,10/30/2024,East,Delivered,89,16417.83
SALE-3865,ORD-7703,SKU-975,532.22,10,8/22/2024,West,Delivered,82,39277.836
SALE-3867,ORD-7706,SKU-440,31.85,15,11/4/2024,West,Delivered,3,81.2175
SALE-3869,ORD-7711,SKU-346,406.02,0,4/2/2024,West,Delivered,5,2030.1
SALE-3870,ORD-7712,SKU-419,516.59,15,10/3/2024,North,Delivered,22,9660.233
SALE-3871,ORD-7715,SKU-501,600.44,20,1/6/2024,South,Delivered,34,16331.968
SALE-3876,ORD-7728,SKU-820,379.54,15,1/28/2024,East,Delivered,95,30647.855
SALE-3882,ORD-7737,SKU-467,81.15,20,6/28/2024,South,Delivered,26,1687.92
SALE-3883,ORD-7742,SKU-940,291.96,20,2/4/2024,North,Delivered,34,7941.312
SALE-3885,ORD-7745,SKU-787,63.11,20,7/19/2024,North,Delivered,21,1060.248
SALE-3888,ORD-7751,SKU-208,284.33,20,11/7/2024,North,Delivered,91,20699.224
SALE-3889,ORD-7752,SKU-121,54.44,10,10/23/2024,South,Delivered,55,2694.78
SALE-3891,ORD-7755,SKU-752,592.05,15,4/2/2024,East,Delivered,61,30697.7925
SALE-3893,ORD-7758,SKU-954,479.2,10,9/3/2024,North,Delivered,87,37521.36
SALE-3897,ORD-7769,SKU-821,602.62,15,8/13/2024,South,Delivered,31,15879.037
SALE-3900,ORD-7773,SKU-371,284.25,5,12/20/2024,North,Delivered,29,7831.0875
SALE-3902,ORD-7782,SKU-208,284.33,5,12/6/2024,East,Delivered,97,26201.0095
SALE-3903,ORD-7783,SKU-146,153.36,5,11/11/2024,North,Delivered,51,7430.292
SALE-3904,ORD-7784,SKU-725,270.55,0,7/25/2024,West,Delivered,79,21373.45
SALE-3908,ORD-7800,SKU-12,265.8,5,7/13/2024,North,Delivered,53,13383.03
SALE-3909,ORD-7801,SKU-51,681.58,20,1/25/2024,South,Delivered,77,41985.328
SALE-3910,ORD-7803,SKU-536,256.68,15,5/9/2024,South,Delivered,37,8072.586
SALE-3911,ORD-7807,SKU-817,284.32,5,9/6/2024,West,Delivered,99,26740.296
SALE-3912,ORD-7809,SKU-640,339.05,10,11/29/2024,East,Delivered,62,18918.99
SALE-3913,ORD-7810,SKU-61,262.95,0,10/22/2024,South,Delivered,5,1314.75
SALE-3923,ORD-7827,SKU-320,274.54,5,7/20/2024,North,Delivered,85,22169.105
SALE-3925,ORD-7830,SKU-611,104.91,10,10/11/2024,East,Delivered,55,5193.045
SALE-3928,ORD-7845,SKU-879,285.78,15,2/11/2024,West,Delivered,1,242.913
SALE-3929,ORD-7847,SKU-654,355.84,15,5/4/2024,East,Delivered,10,3024.64
SALE-3931,ORD-7851,SKU-259,137.37,5,5/25/2024,East,Delivered,57,7438.5855
SALE-3932,ORD-7855,SKU-206,601.78,15,1/4/2024,East,Delivered,1,511.513
SALE-3933,ORD-7862,SKU-86,214.29,5,2/24/2024,South,Delivered,21,4275.0855
SALE-3934,ORD-7865,SKU-792,798.37,5,11/9/2024,North,Delivered,99,75086.6985
SALE-3935,ORD-7868,SKU-357,541.58,0,7/25/2024,South,Delivered,54,29245.32
SALE-3936,ORD-7870,SKU-491,133.28,0,4/23/2024,North,Delivered,15,1999.2
SALE-3937,ORD-7871,SKU-278,376.57,20,1/11/2024,North,Delivered,31,9338.936
SALE-3939,ORD-7875,SKU-654,355.84,15,10/3/2024,North,Delivered,19,5746.816
SALE-3944,ORD-7881,SKU-718,368.32,20,12/12/2024,North,Delivered,53,15616.768
SALE-3945,ORD-7883,SKU-448,198.54,15,12/4/2024,East,Delivered,4,675.036
SALE-3947,ORD-7887,SKU-375,619.18,0,7/23/2024,North,Delivered,64,39627.52
SALE-3948,ORD-7888,SKU-541,152.82,15,2/14/2024,East,Delivered,17,2208.249
SALE-3949,ORD-7889,SKU-904,310.32,20,7/26/2024,North,Delivered,59,14647.104
SALE-3950,ORD-7891,SKU-982,386.27,5,5/13/2024,East,Delivered,69,25319.9985
SALE-3951,ORD-7892,SKU-434,169.69,20,8/5/2024,North,Delivered,1,135.752
SALE-3954,ORD-7895,SKU-980,362.22,20,7/18/2024,North,Delivered,6,1738.656
SALE-3959,ORD-7901,SKU-996,359.49,0,2/11/2024,West,Delivered,21,7549.29
SALE-3961,ORD-7903,SKU-90,786,15,1/16/2024,South,Delivered,41,27392.1
SALE-3967,ORD-7911,SKU-952,32.88,20,3/13/2024,West,Delivered,51,1341.504
SALE-3969,ORD-7915,SKU-139,24.26,0,12/25/2024,South,Delivered,2,48.52
SALE-3970,ORD-7918,SKU-809,202.65,5,3/31/2024,West,Delivered,46,8855.805
SALE-3972,ORD-7922,SKU-758,428.73,10,11/30/2024,West,Delivered,33,12733.281
SALE-3973,ORD-7923,SKU-969,249.33,5,7/29/2024,East,Delivered,41,9711.4035
SALE-3974,ORD-7925,SKU-48,825.79,10,5/27/2024,West,Delivered,85,63172.935
SALE-3975,ORD-7926,SKU-463,790.38,5,1/4/2024,East,Delivered,86,64574.046
SALE-3976,ORD-7927,SKU-892,425.16,15,4/28/2024,North,Delivered,97,35054.442
SALE-3979,ORD-7932,SKU-415,479.01,0,6/22/2024,West,Delivered,83,39757.83
SALE-3981,ORD-7937,SKU-783,254.13,15,11/24/2024,North,Delivered,77,16632.8085
SALE-3984,ORD-7940,SKU-319,318.41,0,1/31/2024,East,Delivered,99,31522.59
SALE-3985,ORD-7941,SKU-82,420.36,15,7/13/2024,West,Delivered,83,29656.398
SALE-3987,ORD-7944,SKU-421,410.85,5,4/19/2024,South,Delivered,14,5464.305
SALE-3989,ORD-7950,SKU-635,595.63,15,12/11/2024,North,Delivered,45,22782.8475
SALE-3992,ORD-7956,SKU-84,379.53,15,5/29/2024,West,Delivered,89,28711.4445
SALE-3996,ORD-7960,SKU-60,203.43,0,10/16/2024,East,Delivered,51,10374.93
SALE-3997,ORD-7961,SKU-714,388.15,20,10/18/2024,North,Delivered,77,23910.04
SALE-3998,ORD-7962,SKU-160,25.64,5,5/24/2024,West,Delivered,54,1315.332
SALE-4000,ORD-7964,SKU-658,309.94,0,5/6/2024,East,Delivered,5,1549.7
SALE-4001,ORD-7968,SKU-224,54.42,10,2/18/2024,West,Delivered,59,2889.702
SALE-4002,ORD-7970,SKU-106,555.06,15,1/17/2024,South,Delivered,74,34913.274
SALE-4006,ORD-7974,SKU-337,483.45,20,3/30/2024,West,Delivered,22,8508.72
SALE-4009,ORD-7978,SKU-721,53.25,10,8/1/2024,East,Delivered,96,4600.8
SALE-4011,ORD-7984,SKU-534,574.94,10,12/4/2024,South,Delivered,80,41395.68
SALE-4012,ORD-7985,SKU-991,167.19,15,10/11/2024,West,Delivered,66,9379.359
SALE-4013,ORD-7986,SKU-60,203.43,5,4/7/2024,East,Delivered,63,12175.2855
SALE-4015,ORD-7988,SKU-901,253.96,10,7/4/2024,West,Delivered,91,20799.324
SALE-4017,ORD-7994,SKU-214,21.87,10,4/15/2024,West,Delivered,65,1279.395
SALE-4018,ORD-7996,SKU-781,619.41,0,5/1/2024,South,Delivered,36,22298.76
SALE-4020,ORD-7999,SKU-293,414.44,15,2/3/2024,West,Delivered,99,34875.126
SALE-4021,ORD-8000,SKU-938,353.89,10,7/6/2024,East,Delivered,63,20065.563
SALE-4023,ORD-8002,SKU-325,68.69,0,5/16/2024,South,Delivered,91,6250.79
SALE-4025,ORD-8011,SKU-138,436.39,20,10/9/2024,South,Delivered,20,6982.24
SALE-4027,ORD-8013,SKU-426,375.39,5,3/24/2024,South,Delivered,62,22110.471
SALE-4028,ORD-8014,SKU-110,495.92,5,7/28/2024,North,Delivered,21,9893.604
SALE-4032,ORD-8024,SKU-861,781.9,10,2/23/2024,North,Delivered,96,67556.16
SALE-4034,ORD-8027,SKU-161,142.98,10,12/14/2024,East,Delivered,63,8106.966
SALE-4035,ORD-8031,SKU-746,563.69,0,9/27/2024,North,Delivered,61,34385.09
SALE-4038,ORD-8036,SKU-218,377.69,5,1/7/2024,North,Delivered,32,11481.776
SALE-4040,ORD-8040,SKU-862,85.16,15,10/13/2024,North,Delivered,28,2026.808
SALE-4044,ORD-8057,SKU-941,189.5,5,8/14/2024,North,Delivered,68,12241.7
SALE-4049,ORD-8063,SKU-281,668.37,15,11/28/2024,South,Delivered,19,10794.1755
SALE-4050,ORD-8065,SKU-95,37.39,0,1/22/2024,West,Delivered,13,486.07
SALE-4053,ORD-8073,SKU-340,12.45,0,1/14/2024,West,Delivered,84,1045.8
SALE-4056,ORD-8079,SKU-629,712.24,10,11/25/2024,North,Delivered,54,34614.864
SALE-4060,ORD-8086,SKU-732,425.12,20,3/7/2024,West,Delivered,76,25847.296
SALE-4065,ORD-8093,SKU-15,196.68,5,4/12/2024,West,Delivered,40,7473.84
SALE-4067,ORD-8099,SKU-292,463.65,0,1/27/2024,South,Delivered,85,39410.25
SALE-4068,ORD-8100,SKU-480,566.47,10,4/8/2024,East,Delivered,64,32628.672
SALE-4069,ORD-8101,SKU-968,642.4,20,2/11/2024,North,Delivered,64,32890.88
SALE-4071,ORD-8105,SKU-601,316.15,0,3/4/2024,West,Delivered,80,25292
SALE-4073,ORD-8112,SKU-245,475.73,20,1/31/2024,West,Delivered,10,3805.84
SALE-4074,ORD-8113,SKU-354,399.11,20,5/20/2024,North,Delivered,92,29374.496
SALE-4079,ORD-8121,SKU-899,595.32,10,11/9/2024,East,Delivered,24,12858.912
SALE-4080,ORD-8122,SKU-946,101.94,0,3/12/2024,North,Delivered,83,8461.02
SALE-4086,ORD-8131,SKU-357,541.58,10,11/21/2024,South,Delivered,71,34606.962
SALE-4089,ORD-8135,SKU-121,54.44,10,1/12/2024,East,Delivered,71,3478.716
SALE-4091,ORD-8137,SKU-280,653.73,20,6/12/2024,North,Delivered,67,35039.928
SALE-4093,ORD-8140,SKU-797,331.27,20,3/18/2024,South,Delivered,23,6095.368
SALE-4100,ORD-8151,SKU-241,671.44,20,4/4/2024,South,Delivered,75,40286.4
SALE-4103,ORD-8156,SKU-509,265.42,10,5/22/2024,West,Delivered,45,10749.51
SALE-4107,ORD-8161,SKU-159,411.92,5,12/6/2024,South,Delivered,9,3521.916
SALE-4108,ORD-8164,SKU-986,590.99,20,9/18/2024,East,Delivered,74,34986.608
SALE-4110,ORD-8167,SKU-4,33.29,20,4/9/2024,East,Delivered,61,1624.552
SALE-4111,ORD-8170,SKU-103,592.29,15,4/16/2024,South,Delivered,24,12082.716
SALE-4117,ORD-8181,SKU-432,584.52,0,12/22/2024,North,Delivered,95,55529.4
SALE-4118,ORD-8182,SKU-367,640.42,0,2/4/2024,South,Delivered,73,46750.66
SALE-4119,ORD-8184,SKU-608,595.98,20,7/9/2024,East,Delivered,68,32421.312
SALE-4123,ORD-8198,SKU-725,270.55,0,7/22/2024,East,Delivered,87,23537.85
SALE-4124,ORD-8200,SKU-89,398.48,0,6/1/2024,North,Delivered,41,16337.68
SALE-4126,ORD-8202,SKU-926,300.95,5,11/16/2024,South,Delivered,92,26303.03
SALE-4127,ORD-8203,SKU-75,562.52,20,10/17/2024,North,Delivered,74,33301.184
SALE-4128,ORD-8206,SKU-79,538.51,10,5/9/2024,South,Delivered,34,16478.406
SALE-4133,ORD-8214,SKU-440,31.85,5,7/14/2024,East,Delivered,32,968.24
SALE-4135,ORD-8220,SKU-35,445.02,10,1/6/2024,West,Delivered,16,6408.288
SALE-4138,ORD-8226,SKU-912,79.48,15,10/21/2024,South,Delivered,66,4458.828
SALE-4139,ORD-8227,SKU-413,114.15,0,7/19/2024,East,Delivered,58,6620.7
SALE-4141,ORD-8230,SKU-676,335.43,15,5/6/2024,South,Delivered,12,3421.386
SALE-4142,ORD-8232,SKU-353,441.17,10,11/18/2024,South,Delivered,33,13102.749
SALE-4148,ORD-8243,SKU-30,755.15,15,11/3/2024,West,Delivered,38,24391.345
SALE-4149,ORD-8247,SKU-426,375.39,15,1/15/2024,West,Delivered,82,26164.683
SALE-4150,ORD-8249,SKU-259,137.37,5,6/29/2024,North,Delivered,24,3132.036
SALE-4151,ORD-8250,SKU-555,115.88,5,12/6/2024,East,Delivered,62,6825.332
SALE-4154,ORD-8254,SKU-643,365.6,5,5/2/2024,North,Delivered,18,6251.76
SALE-4155,ORD-8255,SKU-51,681.58,0,10/12/2024,West,Delivered,35,23855.3
SALE-4159,ORD-8265,SKU-562,466.52,15,3/5/2024,South,Delivered,5,1982.71
SALE-4160,ORD-8266,SKU-519,416.66,15,7/14/2024,North,Delivered,38,13458.118
SALE-4161,ORD-8267,SKU-354,399.11,20,12/13/2024,West,Delivered,84,26820.192
SALE-4163,ORD-8276,SKU-76,143.21,15,5/19/2024,South,Delivered,93,11320.7505
SALE-4165,ORD-8281,SKU-468,530.02,10,3/14/2024,East,Delivered,69,32914.242
SALE-4167,ORD-8292,SKU-394,236.65,10,4/17/2024,South,Delivered,53,11288.205
SALE-4168,ORD-8293,SKU-795,478.49,5,11/7/2024,East,Delivered,95,43183.7225
SALE-4171,ORD-8299,SKU-321,56.14,0,9/11/2024,South,Delivered,26,1459.64
SALE-4172,ORD-8300,SKU-387,293.03,20,6/22/2024,South,Delivered,90,21098.16
SALE-4178,ORD-8309,SKU-929,305.3,5,11/24/2024,South,Delivered,89,25813.115
SALE-4179,ORD-8310,SKU-228,719.95,5,8/22/2024,West,Delivered,55,37617.3875
SALE-4180,ORD-8313,SKU-771,526.6,0,8/8/2024,South,Delivered,73,38441.8
SALE-4183,ORD-8318,SKU-687,449.73,5,5/29/2024,East,Delivered,76,32470.506
SALE-4184,ORD-8324,SKU-326,341.39,15,7/31/2024,East,Delivered,23,6674.1745
SALE-4185,ORD-8326,SKU-147,112.45,0,3/17/2024,South,Delivered,72,8096.4
SALE-4187,ORD-8329,SKU-834,25.58,5,8/16/2024,East,Delivered,71,1725.371
SALE-4188,ORD-8333,SKU-335,865.47,10,10/11/2024,South,Delivered,100,77892.3
SALE-4189,ORD-8335,SKU-109,681.45,0,11/12/2024,West,Delivered,4,2725.8
SALE-4192,ORD-8339,SKU-365,325.42,5,8/9/2024,East,Delivered,62,19167.238
SALE-4194,ORD-8343,SKU-240,280.24,0,1/9/2024,West,Delivered,87,24380.88
SALE-4198,ORD-8355,SKU-852,148.15,5,3/9/2024,East,Delivered,38,5348.215
SALE-4201,ORD-8359,SKU-30,755.15,10,3/1/2024,East,Delivered,1,679.635
SALE-4202,ORD-8360,SKU-884,240.85,10,1/10/2024,North,Delivered,70,15173.55
SALE-4208,ORD-8370,SKU-736,443.18,0,11/6/2024,West,Delivered,6,2659.08
SALE-4209,ORD-8371,SKU-971,136.19,5,2/18/2024,East,Delivered,74,9574.157
SALE-4214,ORD-8381,SKU-401,519.11,10,4/7/2024,East,Delivered,93,43449.507
SALE-4215,ORD-8382,SKU-303,650.77,15,1/7/2024,East,Delivered,85,47018.1325
SALE-4222,ORD-8397,SKU-73,140.69,15,3/1/2024,West,Delivered,48,5740.152
SALE-4223,ORD-8398,SKU-126,817.42,15,1/3/2024,South,Delivered,70,48636.49
SALE-4225,ORD-8400,SKU-768,664.69,20,5/22/2024,West,Delivered,68,36159.136
SALE-4226,ORD-8401,SKU-528,282.01,0,6/10/2024,North,Delivered,17,4794.17
SALE-4229,ORD-8414,SKU-232,656.54,5,7/17/2024,South,Delivered,15,9355.695
SALE-4233,ORD-8420,SKU-927,295.55,5,10/2/2024,South,Delivered,56,15723.26
SALE-4234,ORD-8422,SKU-822,225.88,0,4/18/2024,East,Delivered,4,903.52
SALE-4235,ORD-8424,SKU-648,708.26,5,5/16/2024,South,Delivered,48,32296.656
SALE-4241,ORD-8441,SKU-634,480.98,10,3/25/2024,West,Delivered,40,17315.28
SALE-4243,ORD-8444,SKU-304,228.94,10,9/29/2024,South,Delivered,82,16895.772
SALE-4246,ORD-8449,SKU-332,447.28,0,2/14/2024,West,Delivered,99,44280.72
SALE-4248,ORD-8453,SKU-487,61.9,15,8/20/2024,North,Delivered,92,4840.58
SALE-4249,ORD-8455,SKU-204,636.22,10,4/24/2024,North,Delivered,6,3435.588
SALE-4251,ORD-8458,SKU-939,410.28,5,3/27/2024,West,Delivered,1,389.766
SALE-4258,ORD-8473,SKU-745,342.7,15,12/20/2024,North,Delivered,61,17768.995
SALE-4259,ORD-8476,SKU-499,114.89,0,5/10/2024,North,Delivered,68,7812.52
SALE-4261,ORD-8483,SKU-602,240.76,15,12/9/2024,South,Delivered,76,15553.096
SALE-4262,ORD-8486,SKU-916,204.19,0,12/1/2024,West,Delivered,45,9188.55
SALE-4269,ORD-8500,SKU-186,750.5,5,9/3/2024,West,Delivered,75,53473.125
SALE-4270,ORD-8504,SKU-871,41.45,0,10/24/2024,West,Delivered,78,3233.1
SALE-4273,ORD-8508,SKU-198,171.15,5,7/20/2024,South,Delivered,33,5365.5525
SALE-4274,ORD-8509,SKU-865,43.05,15,8/1/2024,South,Delivered,32,1170.96
SALE-4275,ORD-8510,SKU-301,507.49,15,1/30/2024,East,Delivered,7,3019.5655
SALE-4278,ORD-8518,SKU-975,532.22,0,12/18/2024,West,Delivered,18,9579.96
SALE-4280,ORD-8523,SKU-970,403.56,15,7/9/2024,West,Delivered,10,3430.26
SALE-4284,ORD-8530,SKU-328,476.36,20,11/29/2024,North,Delivered,59,22484.192
SALE-4287,ORD-8534,SKU-627,203.27,10,3/6/2024,East,Delivered,19,3475.917
SALE-4288,ORD-8536,SKU-620,244.94,20,8/18/2024,South,Delivered,14,2743.328
SALE-4290,ORD-8542,SKU-15,196.68,20,10/14/2024,West,Delivered,23,3618.912
SALE-4291,ORD-8543,SKU-639,349.03,10,3/17/2024,West,Delivered,54,16962.858
SALE-4292,ORD-8546,SKU-699,27.09,0,11/27/2024,North,Delivered,6,162.54
SALE-4294,ORD-8551,SKU-944,722.69,0,10/25/2024,South,Delivered,64,46252.16
SALE-4298,ORD-8558,SKU-93,751.3,5,5/7/2024,North,Delivered,72,51388.92
SALE-4299,ORD-8560,SKU-269,424.64,10,3/18/2024,South,Delivered,76,29045.376
SALE-4300,ORD-8561,SKU-637,673.31,10,10/21/2024,West,Delivered,61,36964.719
SALE-4301,ORD-8562,SKU-788,360.17,15,2/22/2024,South,Delivered,4,1224.578
SALE-4304,ORD-8567,SKU-811,502.72,15,3/10/2024,North,Delivered,27,11537.424
SALE-4307,ORD-8575,SKU-703,436.87,0,8/22/2024,North,Delivered,78,34075.86
SALE-4308,ORD-8577,SKU-631,39.47,0,10/19/2024,North,Delivered,69,2723.43
SALE-4309,ORD-8578,SKU-944,722.69,10,3/15/2024,East,Delivered,71,46179.891
SALE-4312,ORD-8584,SKU-891,679.52,10,11/14/2024,North,Delivered,9,5504.112
SALE-4314,ORD-8588,SKU-889,511.36,5,8/22/2024,South,Delivered,55,26718.56
SALE-4317,ORD-8592,SKU-2,240.12,15,6/24/2024,South,Delivered,11,2245.122
SALE-4318,ORD-8595,SKU-945,214.81,10,11/9/2024,South,Delivered,89,17206.281
SALE-4319,ORD-8598,SKU-297,513.27,5,4/26/2024,North,Delivered,45,21942.2925
SALE-4320,ORD-8603,SKU-471,25.22,0,3/11/2024,West,Delivered,66,1664.52
SALE-4323,ORD-8613,SKU-166,91.98,20,6/10/2024,West,Delivered,74,5445.216
SALE-4325,ORD-8616,SKU-206,601.78,10,2/3/2024,East,Delivered,22,11915.244
SALE-4327,ORD-8624,SKU-993,664.2,10,8/24/2024,West,Delivered,82,49017.96
SALE-4328,ORD-8625,SKU-205,301.25,10,4/5/2024,East,Delivered,53,14369.625
SALE-4329,ORD-8628,SKU-267,342.57,5,1/7/2024,West,Delivered,87,28313.4105
SALE-4330,ORD-8631,SKU-195,256.72,15,7/28/2024,East,Delivered,66,14401.992
SALE-4332,ORD-8635,SKU-549,542.67,15,9/2/2024,South,Delivered,14,6457.773
SALE-4333,ORD-8636,SKU-180,553.95,15,6/4/2024,West,Delivered,29,13654.8675
SALE-4334,ORD-8637,SKU-139,24.26,20,6/12/2024,West,Delivered,40,776.32
SALE-4335,ORD-8639,SKU-355,16.72,0,5/27/2024,North,Delivered,97,1621.84
SALE-4338,ORD-8646,SKU-442,68.77,20,3/21/2024,West,Delivered,88,4841.408
SALE-4339,ORD-8647,SKU-306,11.73,10,5/27/2024,North,Delivered,64,675.648
SALE-4340,ORD-8649,SKU-412,124.51,10,8/19/2024,North,Delivered,31,3473.829
SALE-4341,ORD-8651,SKU-337,483.45,5,9/19/2024,North,Delivered,36,16533.99
SALE-4343,ORD-8660,SKU-792,798.37,5,4/6/2024,East,Delivered,10,7584.515
SALE-4351,ORD-8673,SKU-411,67.49,20,6/28/2024,West,Delivered,88,4751.296
SALE-4352,ORD-8674,SKU-838,601.03,0,2/20/2024,West,Delivered,3,1803.09
SALE-4357,ORD-8683,SKU-422,388.13,15,8/17/2024,East,Delivered,46,15175.883
SALE-4361,ORD-8690,SKU-986,590.99,0,2/27/2024,South,Delivered,97,57326.03
SALE-4362,ORD-8691,SKU-921,237.59,5,7/13/2024,East,Delivered,88,19862.524
SALE-4364,ORD-8694,SKU-296,261.46,0,3/11/2024,South,Delivered,58,15164.68
SALE-4367,ORD-8700,SKU-905,49.42,15,9/13/2024,North,Delivered,17,714.119
SALE-4369,ORD-8706,SKU-528,282.01,5,2/18/2024,North,Delivered,34,9108.923
SALE-4372,ORD-8712,SKU-742,696.23,5,1/9/2024,East,Delivered,2,1322.837
SALE-4373,ORD-8713,SKU-830,46.3,0,4/6/2024,North,Delivered,43,1990.9
SALE-4374,ORD-8714,SKU-184,85.43,20,10/25/2024,South,Delivered,34,2323.696
SALE-4377,ORD-8723,SKU-446,77.7,15,5/26/2024,East,Delivered,45,2972.025
SALE-4378,ORD-8726,SKU-508,347.3,15,12/11/2024,North,Delivered,100,29520.5
SALE-4379,ORD-8727,SKU-58,46.15,5,6/2/2024,South,Delivered,50,2192.125
SALE-4380,ORD-8728,SKU-958,389.03,0,8/2/2024,South,Delivered,48,18673.44
SALE-4382,ORD-8731,SKU-216,51.26,0,9/29/2024,North,Delivered,89,4562.14
SALE-4385,ORD-8735,SKU-645,318.68,10,12/7/2024,East,Delivered,59,16921.908
SALE-4386,ORD-8737,SKU-768,664.69,0,6/5/2024,East,Delivered,8,5317.52
SALE-4390,ORD-8744,SKU-381,694.64,10,3/3/2024,North,Delivered,12,7502.112
SALE-4391,ORD-8747,SKU-216,51.26,20,8/14/2024,North,Delivered,6,246.048
SALE-4392,ORD-8748,SKU-361,608.27,5,10/18/2024,East,Delivered,78,45072.807
SALE-4395,ORD-8752,SKU-49,630.65,15,9/4/2024,West,Delivered,66,35379.465
SALE-4400,ORD-8759,SKU-291,503.32,15,6/20/2024,East,Delivered,100,42782.2
SALE-4403,ORD-8762,SKU-441,440.59,5,1/29/2024,South,Delivered,11,4604.1655
SALE-4404,ORD-8765,SKU-86,214.29,5,1/18/2024,South,Delivered,7,1425.0285
SALE-4407,ORD-8773,SKU-153,81.21,20,10/20/2024,East,Delivered,65,4222.92
SALE-4410,ORD-8785,SKU-559,706.86,15,12/15/2024,East,Delivered,57,34247.367
SALE-4412,ORD-8787,SKU-748,419.68,5,9/12/2024,North,Delivered,95,37876.12
SALE-4414,ORD-8794,SKU-845,558.22,0,12/10/2024,East,Delivered,4,2232.88
SALE-4415,ORD-8795,SKU-137,358.39,0,11/24/2024,West,Delivered,89,31896.71
SALE-4416,ORD-8800,SKU-87,487.55,10,12/4/2024,East,Delivered,77,33787.215
SALE-4419,ORD-8809,SKU-30,755.15,5,4/26/2024,West,Delivered,18,12913.065
SALE-4421,ORD-8814,SKU-549,542.67,20,3/19/2024,South,Delivered,26,11287.536
SALE-4424,ORD-8817,SKU-935,720.81,5,4/1/2024,West,Delivered,80,54781.56
SALE-4425,ORD-8818,SKU-598,65.57,10,8/14/2024,West,Delivered,95,5606.235
SALE-4427,ORD-8820,SKU-405,43.91,10,5/15/2024,South,Delivered,14,553.266
SALE-4429,ORD-8824,SKU-165,57.18,5,4/17/2024,South,Delivered,46,2498.766
SALE-4430,ORD-8825,SKU-114,329.92,5,6/6/2024,East,Delivered,18,5641.632
SALE-4432,ORD-8831,SKU-624,49.83,10,2/1/2024,East,Delivered,10,448.47
SALE-4434,ORD-8833,SKU-153,81.21,20,1/18/2024,West,Delivered,66,4287.888
SALE-4438,ORD-8844,SKU-436,485.65,5,12/25/2024,North,Delivered,94,43368.545
SALE-4440,ORD-8849,SKU-577,573.7,0,7/16/2024,South,Delivered,19,10900.3
SALE-4450,ORD-8880,SKU-40,34.78,5,6/27/2024,North,Delivered,77,2544.157
SALE-4451,ORD-8883,SKU-206,601.78,10,10/10/2024,South,Delivered,83,44952.966
SALE-4454,ORD-8889,SKU-276,251.27,10,3/13/2024,North,Delivered,63,14247.009
SALE-4459,ORD-8900,SKU-977,36.66,5,3/19/2024,West,Delivered,91,3169.257
SALE-4461,ORD-8903,SKU-612,710.4,5,8/27/2024,North,Delivered,19,12822.72
SALE-4462,ORD-8909,SKU-616,815.03,5,10/6/2024,West,Delivered,60,46456.71
SALE-4469,ORD-8924,SKU-419,516.59,0,4/26/2024,North,Delivered,69,35644.71
SALE-4470,ORD-8925,SKU-496,702.65,0,8/8/2024,North,Delivered,51,35835.15
SALE-4473,ORD-8930,SKU-491,133.28,5,12/3/2024,East,Delivered,66,8356.656
SALE-4474,ORD-8932,SKU-522,394.24,20,8/20/2024,South,Delivered,96,30277.632
SALE-4476,ORD-8934,SKU-809,202.65,0,12/20/2024,North,Delivered,1,202.65
SALE-4477,ORD-8935,SKU-102,444.75,0,6/23/2024,North,Delivered,56,24906
SALE-4482,ORD-8947,SKU-489,178.61,0,9/17/2024,North,Delivered,41,7323.01
SALE-4483,ORD-8949,SKU-32,707.02,0,8/26/2024,East,Delivered,2,1414.04
SALE-4484,ORD-8950,SKU-881,404.99,0,10/10/2024,West,Delivered,10,4049.9
SALE-4485,ORD-8951,SKU-935,720.81,0,8/13/2024,South,Delivered,65,46852.65
SALE-4486,ORD-8953,SKU-496,702.65,5,5/27/2024,South,Delivered,55,36713.4625
SALE-4490,ORD-8967,SKU-579,478.04,10,3/3/2024,North,Delivered,24,10325.664
SALE-4492,ORD-8969,SKU-612,710.4,20,4/6/2024,North,Delivered,43,24437.76
SALE-4496,ORD-8977,SKU-937,626.27,10,11/26/2024,North,Delivered,5,2818.215
SALE-4506,ORD-8997,SKU-405,43.91,5,5/2/2024,East,Delivered,19,792.5755
SALE-4507,ORD-8998,SKU-471,25.22,20,3/12/2024,South,Delivered,72,1452.672
SALE-4509,ORD-9001,SKU-692,533.58,20,5/12/2024,South,Delivered,34,14513.376
SALE-4514,ORD-9007,SKU-202,595.96,10,1/29/2024,West,Delivered,22,11800.008
SALE-4515,ORD-9009,SKU-421,410.85,20,4/28/2024,East,Delivered,82,26951.76
SALE-4517,ORD-9011,SKU-522,394.24,5,1/4/2024,North,Delivered,62,23220.736
SALE-4518,ORD-9012,SKU-213,554.12,10,11/4/2024,East,Delivered,87,43387.596
SALE-4520,ORD-9017,SKU-221,315.04,5,8/29/2024,South,Delivered,51,15263.688
SALE-4521,ORD-9019,SKU-104,85.55,15,8/18/2024,East,Delivered,13,945.3275
SALE-4525,ORD-9034,SKU-310,584.51,0,1/21/2024,East,Delivered,84,49098.84
SALE-4527,ORD-9036,SKU-395,376.91,5,7/20/2024,West,Delivered,49,17545.1605
SALE-4528,ORD-9037,SKU-978,666.57,10,3/2/2024,South,Delivered,57,34195.041
SALE-4530,ORD-9039,SKU-274,203.57,15,8/27/2024,West,Delivered,43,7440.4835
SALE-4532,ORD-9042,SKU-390,215.78,20,10/28/2024,West,Delivered,83,14327.792
SALE-4533,ORD-9044,SKU-780,781.47,10,1/24/2024,West,Delivered,17,11956.491
SALE-4534,ORD-9045,SKU-311,520.71,10,1/6/2024,East,Delivered,82,38428.398
SALE-4535,ORD-9048,SKU-58,46.15,10,3/3/2024,South,Delivered,94,3904.29
SALE-4536,ORD-9049,SKU-313,202.85,15,7/5/2024,East,Delivered,74,12759.265
SALE-4537,ORD-9050,SKU-836,724.7,20,6/6/2024,West,Delivered,57,33046.32
SALE-4539,ORD-9055,SKU-952,32.88,15,5/18/2024,South,Delivered,15,419.22
SALE-4541,ORD-9063,SKU-145,690.42,5,10/29/2024,North,Delivered,58,38042.142
SALE-4542,ORD-9069,SKU-115,474.2,5,4/16/2024,South,Delivered,86,38742.14
SALE-4545,ORD-9074,SKU-431,44.28,20,10/12/2024,North,Delivered,19,673.056
SALE-4547,ORD-9079,SKU-450,183.65,5,7/28/2024,South,Delivered,54,9421.245
SALE-4548,ORD-9083,SKU-689,547.16,20,6/2/2024,South,Delivered,25,10943.2
SALE-4552,ORD-9087,SKU-404,49.38,0,9/27/2024,West,Delivered,68,3357.84
SALE-4553,ORD-9089,SKU-782,658.62,20,6/23/2024,East,Delivered,68,35828.928
SALE-4556,ORD-9093,SKU-205,301.25,5,11/11/2024,East,Delivered,6,1717.125
SALE-4557,ORD-9094,SKU-230,489.08,5,9/27/2024,West,Delivered,44,20443.544
SALE-4560,ORD-9102,SKU-808,116.76,10,5/3/2024,West,Delivered,41,4308.444
SALE-4561,ORD-9103,SKU-731,296.95,10,10/19/2024,North,Delivered,45,12026.475
SALE-4564,ORD-9108,SKU-727,532.77,15,6/9/2024,North,Delivered,5,2264.2725
SALE-4565,ORD-9109,SKU-681,22.31,0,9/16/2024,South,Delivered,71,1584.01
SALE-4567,ORD-9115,SKU-218,377.69,5,6/4/2024,North,Delivered,50,17940.275
SALE-4569,ORD-9120,SKU-657,394.84,0,2/16/2024,West,Delivered,12,4738.08
SALE-4571,ORD-9122,SKU-999,155.93,0,1/12/2024,West,Delivered,13,2027.09
SALE-4574,ORD-9128,SKU-414,466.97,5,1/6/2024,South,Delivered,55,24399.1825
SALE-4576,ORD-9130,SKU-395,376.91,5,5/14/2024,West,Delivered,80,28645.16
SALE-4578,ORD-9133,SKU-663,769.27,20,7/23/2024,North,Delivered,61,37540.376
SALE-4579,ORD-9136,SKU-297,513.27,5,10/13/2024,West,Delivered,57,27793.5705
SALE-4581,ORD-9140,SKU-989,544.76,15,8/31/2024,East,Delivered,58,26856.668
SALE-4582,ORD-9141,SKU-832,40.36,5,2/4/2024,West,Delivered,57,2185.494
SALE-4583,ORD-9142,SKU-440,31.85,15,4/30/2024,West,Delivered,10,270.725
SALE-4586,ORD-9148,SKU-831,270.29,15,2/10/2024,West,Delivered,80,18379.72
SALE-4587,ORD-9149,SKU-950,241.2,0,11/1/2024,South,Delivered,95,22914
SALE-4589,ORD-9152,SKU-763,330.18,5,10/18/2024,West,Delivered,15,4705.065
SALE-4595,ORD-9162,SKU-960,263.21,10,2/8/2024,North,Delivered,1,236.889
SALE-4596,ORD-9164,SKU-12,265.8,5,6/23/2024,East,Delivered,3,757.53
SALE-4598,ORD-9167,SKU-35,445.02,0,10/24/2024,North,Delivered,14,6230.28
SALE-4603,ORD-9176,SKU-496,702.65,10,7/17/2024,East,Delivered,49,30986.865
SALE-4606,ORD-9181,SKU-298,517.35,20,1/5/2024,West,Delivered,10,4138.8
SALE-4607,ORD-9182,SKU-496,702.65,5,6/15/2024,North,Delivered,20,13350.35
SALE-4608,ORD-9183,SKU-410,131.99,15,10/20/2024,East,Delivered,15,1682.8725
SALE-4610,ORD-9185,SKU-945,214.81,15,2/17/2024,East,Delivered,85,15520.0225
SALE-4611,ORD-9186,SKU-508,347.3,5,7/19/2024,East,Delivered,63,20785.905
SALE-4612,ORD-9187,SKU-1,499.21,10,6/14/2024,North,Delivered,91,40885.299
SALE-4621,ORD-9214,SKU-863,537.29,5,1/31/2024,North,Delivered,23,11739.7865
SALE-4624,ORD-9217,SKU-956,482.63,10,5/29/2024,South,Delivered,52,22587.084
SALE-4626,ORD-9222,SKU-46,210.47,5,9/26/2024,South,Delivered,100,19994.65
SALE-4627,ORD-9226,SKU-387,293.03,5,11/23/2024,North,Delivered,83,23105.4155
SALE-4628,ORD-9228,SKU-340,12.45,15,12/24/2024,West,Delivered,95,1005.3375
SALE-4630,ORD-9230,SKU-213,554.12,10,1/29/2024,South,Delivered,67,33413.436
SALE-4631,ORD-9231,SKU-921,237.59,20,7/31/2024,North,Delivered,53,10073.816
SALE-4632,ORD-9233,SKU-406,350.11,0,2/5/2024,West,Delivered,46,16105.06
SALE-4634,ORD-9239,SKU-850,129.11,15,9/27/2024,North,Delivered,21,2304.6135
SALE-4635,ORD-9242,SKU-539,316.73,5,2/3/2024,East,Delivered,25,7522.3375
SALE-4636,ORD-9243,SKU-635,595.63,10,9/20/2024,South,Delivered,56,30019.752
SALE-4637,ORD-9245,SKU-30,755.15,20,3/31/2024,North,Delivered,57,34434.84
SALE-4638,ORD-9246,SKU-623,730.73,10,10/27/2024,West,Delivered,52,34198.164
SALE-4641,ORD-9251,SKU-659,229.15,10,6/27/2024,East,Delivered,63,12992.805
SALE-4643,ORD-9253,SKU-174,617.34,20,11/19/2024,East,Delivered,15,7408.08
SALE-4644,ORD-9256,SKU-872,387.05,15,9/18/2024,South,Delivered,40,13159.7
SALE-4645,ORD-9257,SKU-807,234.34,15,2/14/2024,South,Delivered,1,199.189
SALE-4648,ORD-9265,SKU-791,387.04,5,10/15/2024,North,Delivered,97,35665.736
SALE-4649,ORD-9271,SKU-844,19.19,15,10/21/2024,North,Delivered,63,1027.6245
SALE-4650,ORD-9272,SKU-273,606.92,10,12/29/2024,East,Delivered,76,41513.328
SALE-4651,ORD-9273,SKU-114,329.92,15,2/8/2024,West,Delivered,45,12619.44
SALE-4652,ORD-9277,SKU-515,570.31,10,9/28/2024,South,Delivered,98,50301.342
SALE-4656,ORD-9282,SKU-839,285.2,5,4/18/2024,East,Delivered,4,1083.76
SALE-4658,ORD-9286,SKU-52,163.4,0,2/4/2024,South,Delivered,63,10294.2
SALE-4659,ORD-9287,SKU-497,89.24,10,8/21/2024,West,Delivered,35,2811.06
SALE-4661,ORD-9291,SKU-138,436.39,5,7/6/2024,West,Delivered,68,28190.794
SALE-4664,ORD-9295,SKU-526,597.05,5,5/12/2024,South,Delivered,62,35166.245
SALE-4667,ORD-9300,SKU-42,382.25,0,10/23/2024,East,Delivered,34,12996.5
SALE-4669,ORD-9305,SKU-30,755.15,20,4/4/2024,South,Delivered,98,59203.76
SALE-4670,ORD-9308,SKU-622,37.75,15,1/18/2024,South,Delivered,33,1058.8875
SALE-4675,ORD-9317,SKU-433,752.52,15,8/25/2024,West,Delivered,16,10234.272
SALE-4676,ORD-9322,SKU-12,265.8,5,5/3/2024,South,Delivered,11,2777.61
SALE-4677,ORD-9324,SKU-725,270.55,20,6/16/2024,North,Delivered,42,9090.48
SALE-4681,ORD-9336,SKU-817,284.32,10,10/4/2024,South,Delivered,57,14585.616
SALE-4682,ORD-9337,SKU-121,54.44,5,10/22/2024,South,Delivered,7,362.026
SALE-4683,ORD-9338,SKU-650,104.96,10,1/30/2024,South,Delivered,71,6706.944
SALE-4684,ORD-9340,SKU-435,470.22,15,2/29/2024,East,Delivered,51,20384.037
SALE-4685,ORD-9341,SKU-212,97.29,15,12/22/2024,South,Delivered,89,7359.9885
SALE-4686,ORD-9342,SKU-194,81.36,0,6/23/2024,North,Delivered,83,6752.88
SALE-4687,ORD-9344,SKU-657,394.84,5,12/10/2024,South,Delivered,13,4876.274
SALE-4689,ORD-9347,SKU-174,617.34,0,5/15/2024,East,Delivered,3,1852.02
SALE-4691,ORD-9351,SKU-367,640.42,20,3/15/2024,West,Delivered,58,29715.488
SALE-4692,ORD-9353,SKU-388,551.59,0,9/25/2024,East,Delivered,25,13789.75
SALE-4693,ORD-9355,SKU-241,671.44,10,11/14/2024,East,Delivered,72,43509.312
SALE-4694,ORD-9356,SKU-836,724.7,20,1/5/2024,West,Delivered,89,51598.64
SALE-4695,ORD-9364,SKU-89,398.48,10,11/23/2024,North,Delivered,75,26897.4
SALE-4697,ORD-9368,SKU-952,32.88,5,6/28/2024,North,Delivered,18,562.248
SALE-4698,ORD-9369,SKU-861,781.9,20,3/18/2024,East,Delivered,2,1251.04
SALE-4699,ORD-9371,SKU-414,466.97,20,12/20/2024,South,Delivered,22,8218.672
SALE-4703,ORD-9383,SKU-70,219.51,5,4/22/2024,South,Delivered,27,5630.4315
SALE-4705,ORD-9385,SKU-10,487.24,5,3/22/2024,South,Delivered,90,41659.02
SALE-4708,ORD-9399,SKU-662,210.64,5,6/10/2024,West,Delivered,57,11406.156
SALE-4709,ORD-9402,SKU-284,424.71,0,8/8/2024,East,Delivered,1,424.71
SALE-4712,ORD-9408,SKU-795,478.49,10,10/25/2024,East,Delivered,77,33159.357
SALE-4713,ORD-9411,SKU-317,93,5,7/25/2024,East,Delivered,11,971.85
SALE-4714,ORD-9412,SKU-52,163.4,20,10/24/2024,East,Delivered,70,9150.4
SALE-4716,ORD-9420,SKU-528,282.01,10,12/5/2024,West,Delivered,22,5583.798
SALE-4718,ORD-9423,SKU-492,174.26,20,6/1/2024,East,Delivered,100,13940.8
SALE-4720,ORD-9429,SKU-334,173.16,20,4/2/2024,South,Delivered,1,138.528
SALE-4721,ORD-9430,SKU-400,425.63,0,5/29/2024,West,Delivered,16,6810.08
SALE-4724,ORD-9436,SKU-868,627.78,10,9/12/2024,West,Delivered,73,41245.146
SALE-4726,ORD-9440,SKU-389,645.43,15,12/20/2024,East,Delivered,23,12618.1565
SALE-4730,ORD-9447,SKU-907,402.93,10,8/5/2024,West,Delivered,59,21395.583
SALE-4731,ORD-9452,SKU-181,460.68,10,11/19/2024,West,Delivered,94,38973.528
SALE-4737,ORD-9466,SKU-53,43.26,0,1/13/2024,South,Delivered,92,3979.92
SALE-4740,ORD-9470,SKU-969,249.33,0,8/5/2024,North,Delivered,6,1495.98
SALE-4743,ORD-9474,SKU-4,33.29,10,9/25/2024,West,Delivered,15,449.415
SALE-4746,ORD-9481,SKU-763,330.18,5,7/10/2024,East,Delivered,47,14742.537
SALE-4747,ORD-9482,SKU-517,798.91,5,1/20/2024,South,Delivered,97,73619.5565
SALE-4748,ORD-9485,SKU-350,501.45,5,10/20/2024,West,Delivered,43,20484.2325
SALE-4750,ORD-9488,SKU-752,592.05,15,9/1/2024,West,Delivered,29,14594.0325
SALE-4751,ORD-9491,SKU-224,54.42,0,3/31/2024,North,Delivered,70,3809.4
SALE-4753,ORD-9494,SKU-127,222.19,5,8/10/2024,North,Delivered,15,3166.2075
SALE-4754,ORD-9496,SKU-467,81.15,10,11/2/2024,West,Delivered,11,803.385
SALE-4755,ORD-9498,SKU-753,717.88,10,8/29/2024,South,Delivered,14,9045.288
SALE-4761,ORD-9516,SKU-761,100.66,0,2/24/2024,East,Delivered,7,704.62
SALE-4766,ORD-9538,SKU-254,386.25,20,3/19/2024,North,Delivered,26,8034
SALE-4767,ORD-9539,SKU-697,59.63,0,12/11/2024,North,Delivered,5,298.15
SALE-4770,ORD-9545,SKU-165,57.18,5,7/4/2024,North,Delivered,67,3639.507
SALE-4771,ORD-9546,SKU-493,191.67,15,7/10/2024,North,Delivered,68,11078.526
SALE-4773,ORD-9549,SKU-771,526.6,5,9/16/2024,East,Delivered,50,25013.5
SALE-4774,ORD-9550,SKU-446,77.7,10,12/20/2024,West,Delivered,60,4195.8
SALE-4779,ORD-9557,SKU-539,316.73,5,2/20/2024,South,Delivered,2,601.787
SALE-4780,ORD-9562,SKU-309,603.35,0,12/10/2024,West,Delivered,62,37407.7
SALE-4781,ORD-9564,SKU-196,354.58,15,9/16/2024,North,Delivered,81,24412.833
SALE-4782,ORD-9566,SKU-446,77.7,15,10/5/2024,East,Delivered,98,6472.41
SALE-4783,ORD-9567,SKU-571,143.8,0,11/20/2024,North,Delivered,52,7477.6
SALE-4785,ORD-9570,SKU-416,364.91,0,10/27/2024,North,Delivered,14,5108.74
SALE-4786,ORD-9576,SKU-741,345.62,15,12/25/2024,East,Delivered,45,13219.965
SALE-4787,ORD-9577,SKU-702,184.56,10,6/18/2024,South,Delivered,24,3986.496
SALE-4790,ORD-9582,SKU-395,376.91,20,2/3/2024,North,Delivered,52,15679.456
SALE-4792,ORD-9587,SKU-973,309.28,0,11/27/2024,West,Delivered,40,12371.2
SALE-4793,ORD-9588,SKU-212,97.29,20,12/25/2024,East,Delivered,40,3113.28
SALE-4794,ORD-9589,SKU-911,236.93,15,5/17/2024,North,Delivered,70,14097.335
SALE-4796,ORD-9593,SKU-825,19.36,10,8/29/2024,North,Delivered,57,993.168
SALE-4797,ORD-9594,SKU-821,602.62,0,9/25/2024,East,Delivered,49,29528.38
SALE-4799,ORD-9602,SKU-262,119.68,5,7/25/2024,North,Delivered,97,11028.512
SALE-4800,ORD-9604,SKU-1,499.21,0,10/15/2024,South,Delivered,68,33946.28
SALE-4803,ORD-9616,SKU-265,254,20,6/20/2024,East,Delivered,50,10160
SALE-4805,ORD-9620,SKU-982,386.27,15,5/21/2024,North,Delivered,19,6238.2605
SALE-4806,ORD-9623,SKU-204,636.22,5,3/2/2024,East,Delivered,63,38077.767
SALE-4807,ORD-9624,SKU-82,420.36,5,6/22/2024,South,Delivered,41,16373.022
SALE-4810,ORD-9627,SKU-250,26.62,10,8/23/2024,East,Delivered,91,2180.178
SALE-4812,ORD-9630,SKU-598,65.57,20,1/28/2024,North,Delivered,11,577.016
SALE-4814,ORD-9635,SKU-216,51.26,10,7/17/2024,South,Delivered,10,461.34
SALE-4818,ORD-9644,SKU-800,779.29,15,12/1/2024,West,Delivered,10,6623.965
SALE-4819,ORD-9645,SKU-737,544.54,20,1/23/2024,East,Delivered,46,20039.072
SALE-4820,ORD-9648,SKU-772,604.12,20,2/27/2024,South,Delivered,66,31897.536
SALE-4823,ORD-9652,SKU-217,281.43,10,8/30/2024,West,Delivered,27,6838.749
SALE-4824,ORD-9653,SKU-202,595.96,0,10/16/2024,South,Delivered,51,30393.96
SALE-4825,ORD-9656,SKU-203,363.77,5,7/30/2024,South,Delivered,11,3801.3965
SALE-4828,ORD-9659,SKU-678,488.56,20,7/24/2024,West,Delivered,19,7426.112
SALE-4829,ORD-9660,SKU-55,282.9,10,4/13/2024,South,Delivered,64,16295.04
SALE-4831,ORD-9663,SKU-561,92.08,15,11/24/2024,South,Delivered,38,2974.184
SALE-4835,ORD-9673,SKU-121,54.44,0,8/18/2024,West,Delivered,49,2667.56
SALE-4836,ORD-9677,SKU-839,285.2,20,1/23/2024,East,Delivered,87,19849.92
SALE-4837,ORD-9679,SKU-146,153.36,10,7/28/2024,East,Delivered,74,10213.776
SALE-4846,ORD-9707,SKU-658,309.94,5,1/25/2024,West,Delivered,76,22377.668
SALE-4847,ORD-9708,SKU-924,371.1,10,2/5/2024,East,Delivered,85,28389.15
SALE-4849,ORD-9712,SKU-694,824.9,10,6/7/2024,South,Delivered,74,54938.34
SALE-4850,ORD-9719,SKU-285,435.24,0,7/11/2024,South,Delivered,49,21326.76
SALE-4851,ORD-9720,SKU-101,322.08,15,9/5/2024,East,Delivered,29,7939.272
SALE-4854,ORD-9723,SKU-730,38.13,0,2/15/2024,North,Delivered,4,152.52
SALE-4855,ORD-9726,SKU-495,557.32,5,5/16/2024,North,Delivered,48,25413.792
SALE-4856,ORD-9727,SKU-957,602.46,10,3/29/2024,West,Delivered,16,8675.424
SALE-4861,ORD-9742,SKU-264,236.08,10,6/5/2024,East,Delivered,15,3187.08
SALE-4862,ORD-9743,SKU-631,39.47,10,7/11/2024,North,Delivered,10,355.23
SALE-4864,ORD-9745,SKU-507,165.75,15,2/29/2024,South,Delivered,38,5353.725
SALE-4866,ORD-9748,SKU-881,404.99,10,8/18/2024,South,Delivered,19,6925.329
SALE-4868,ORD-9750,SKU-804,175.01,15,1/18/2024,South,Delivered,27,4016.4795
SALE-4869,ORD-9752,SKU-776,440.41,0,6/2/2024,South,Delivered,70,30828.7
SALE-4870,ORD-9755,SKU-495,557.32,10,10/3/2024,East,Delivered,10,5015.88
SALE-4872,ORD-9759,SKU-321,56.14,20,4/1/2024,West,Delivered,10,449.12
SALE-4875,ORD-9766,SKU-840,437.22,10,6/13/2024,North,Delivered,11,4328.478
SALE-4878,ORD-9771,SKU-165,57.18,0,4/14/2024,East,Delivered,59,3373.62
SALE-4879,ORD-9773,SKU-815,177.51,10,6/22/2024,North,Delivered,22,3514.698
SALE-4881,ORD-9775,SKU-189,487.51,10,6/7/2024,South,Delivered,37,16234.083
SALE-4882,ORD-9777,SKU-372,112.57,20,4/25/2024,North,Delivered,19,1711.064
SALE-4883,ORD-9779,SKU-953,746.09,15,7/24/2024,North,Delivered,4,2536.706
SALE-4884,ORD-9781,SKU-687,449.73,10,6/15/2024,North,Delivered,37,14976.009
SALE-4885,ORD-9783,SKU-885,277.73,5,4/17/2024,East,Delivered,29,7651.4615
SALE-4889,ORD-9790,SKU-276,251.27,10,5/6/2024,West,Delivered,33,7462.719
SALE-4892,ORD-9793,SKU-917,380.39,5,1/29/2024,South,Delivered,66,23850.453
SALE-4893,ORD-9794,SKU-352,469.85,0,10/16/2024,North,Delivered,20,9397
SALE-4898,ORD-9804,SKU-758,428.73,20,1/24/2024,North,Delivered,59,20236.056
SALE-4900,ORD-9809,SKU-544,514.8,0,9/15/2024,North,Delivered,84,43243.2
SALE-4906,ORD-9823,SKU-250,26.62,0,10/23/2024,West,Delivered,40,1064.8
SALE-4907,ORD-9826,SKU-832,40.36,10,9/30/2024,North,Delivered,6,217.944
SALE-4911,ORD-9832,SKU-96,103.64,0,6/16/2024,North,Delivered,94,9742.16
SALE-4912,ORD-9833,SKU-32,707.02,20,5/29/2024,North,Delivered,11,6221.776
SALE-4913,ORD-9838,SKU-46,210.47,10,6/15/2024,East,Delivered,61,11554.803
SALE-4917,ORD-9848,SKU-369,114.17,15,4/24/2024,South,Delivered,75,7278.3375
SALE-4918,ORD-9849,SKU-576,446.96,5,6/28/2024,West,Delivered,99,42036.588
SALE-4920,ORD-9853,SKU-591,572.24,15,7/9/2024,West,Delivered,93,45235.572
SALE-4921,ORD-9854,SKU-137,358.39,5,4/21/2024,North,Delivered,71,24173.4055
SALE-4922,ORD-9855,SKU-818,556.53,10,1/24/2024,West,Delivered,10,5008.77
SALE-4923,ORD-9857,SKU-868,627.78,5,6/18/2024,North,Delivered,77,45922.107
SALE-4924,ORD-9859,SKU-499,114.89,5,5/3/2024,North,Delivered,64,6985.312
SALE-4926,ORD-9866,SKU-907,402.93,10,8/18/2024,South,Delivered,72,26109.864
SALE-4927,ORD-9868,SKU-73,140.69,5,9/23/2024,North,Delivered,94,12563.617
SALE-4928,ORD-9871,SKU-656,343.04,10,7/21/2024,West,Delivered,28,8644.608
SALE-4931,ORD-9880,SKU-506,457.44,15,6/17/2024,East,Delivered,37,14386.488
SALE-4939,ORD-9892,SKU-300,96.95,10,6/27/2024,West,Delivered,35,3053.925
SALE-4944,ORD-9901,SKU-648,708.26,5,11/21/2024,West,Delivered,86,57864.842
SALE-4949,ORD-9913,SKU-701,392.23,15,5/2/2024,South,Delivered,84,28005.222
SALE-4957,ORD-9932,SKU-463,790.38,20,8/16/2024,North,Delivered,58,36673.632
SALE-4958,ORD-9933,SKU-843,585.04,20,3/29/2024,West,Delivered,55,25741.76
SALE-4959,ORD-9935,SKU-387,293.03,10,6/10/2024,East,Delivered,82,21625.614
SALE-4962,ORD-9940,SKU-185,71.21,15,2/4/2024,East,Delivered,24,1452.684
SALE-4963,ORD-9943,SKU-852,148.15,10,7/26/2024,North,Delivered,65,8666.775
SALE-4966,ORD-9946,SKU-125,555.91,15,5/11/2024,South,Delivered,30,14175.705
SALE-4967,ORD-9947,SKU-637,673.31,5,12/3/2024,South,Delivered,20,12792.89
SALE-4968,ORD-9949,SKU-435,470.22,20,9/1/2024,South,Delivered,25,9404.4
SALE-4971,ORD-9960,SKU-63,133.78,0,12/23/2024,South,Delivered,57,7625.46
SALE-4974,ORD-9966,SKU-807,234.34,10,6/6/2024,West,Delivered,12,2530.872
SALE-4975,ORD-9968,SKU-328,476.36,5,5/28/2024,South,Delivered,6,2715.252
SALE-4978,ORD-9973,SKU-111,84,5,4/28/2024,North,Delivered,52,4149.6
SALE-4979,ORD-9976,SKU-547,281.11,10,6/3/2024,South,Delivered,91,23022.909
SALE-4982,ORD-9985,SKU-917,380.39,5,7/17/2024,North,Delivered,71,25657.3055
SALE-4984,ORD-9991,SKU-249,82.44,10,3/2/2024,South,Delivered,48,3561.408
SALE-4985,ORD-9994,SKU-906,231.62,15,5/23/2024,East,Delivered,41,8071.957
SALE-4986,ORD-9997,SKU-705,650.94,0,3/7/2024,East,Delivered,43,27990.42
